"barcode_sample"	"cell_type"
"ACC2-P10-A2"	"Myo pri"
"ACC2-P10-B1"	"Luminal pri"
"ACC2-P10-B7"	"Myo pri"
"ACC2-P10-C11"	"Myo pri"
"ACC2-P10-C1"	"Luminal pri"
"ACC2-P10-D8"	"Myo pri"
"ACC2-P10-E9"	"Luminal pri"
"ACC2-P10-G10"	"Myo pri"
"ACC2-P10-G1"	"Luminal pri"
"ACC2-P10-H2"	"Myo pri"
"ACC2-P10-H4"	"Luminal pri"
"ACC2-P8-A6"	"Myo pri"
"ACC2-P8-A7"	"Luminal pri"
"ACC2-P8-A9"	"Myo pri"
"ACC2-P8-C11"	"Luminal pri"
"ACC2-P8-C1"	"Myo pri"
"ACC2-P8-C2"	"Myo pri"
"ACC2-P8-C3"	"Myo pri"
"ACC2-P8-C4"	"Myo pri"
"ACC2-P8-C7"	"Myo pri"
"ACC2-P8-D11"	"Myo pri"
"ACC2-P8-D2"	"Myo pri"
"ACC2-P8-E1"	"Myo pri"
"ACC2-P8-E2"	"Luminal pri"
"ACC2-P8-E5"	"Myo pri"
"ACC2-P8-F11"	"Myo pri"
"ACC2-P8-G1"	"Myo pri"
"ACC2-P8-G2"	"Myo pri"
"ACC2-P8-G9"	"Myo pri"
"ACC2-P8-H10"	"Myo pri"
"ACC2-P8-H4"	"Myo pri"
"ACC2-P8-H5"	"Myo pri"
"ACC2-P8-H9"	"Myo pri"
"ACC2-P9-A7"	"Myo pri"
"ACC2-P9-A8"	"Myo pri"
"ACC2-P9-B3"	"Myo pri"
"ACC2-P9-C10"	"Myo pri"
"ACC2-P9-C11"	"Luminal pri"
"ACC2-P9-C8"	"Myo pri"
"ACC2-P9-C9"	"Luminal pri"
"ACC2-P9-D11"	"Myo pri"
"ACC2-P9-D2"	"Myo pri"
"ACC2-P9-E12"	"Luminal pri"
"ACC2-P9-E7"	"Myo pri"
"ACC2-P9-F11"	"Myo pri"
"ACC2-P9-F2"	"Myo pri"
"ACC2-P9-F3"	"Myo pri"
"ACC2-P9-F5"	"Myo pri"
"ACC2-P9-G5"	"Myo pri"
"ACC2-P9-H11"	"Myo pri"
"ACC5-P10-G10"	"Luminal pri"
"ACC15-P1-B06"	"Luminal pri"
"ACC15-P1-C02"	"Luminal pri"
"ACC15-P1-D12"	"Myo pri"
"ACC15-P1-E03"	"Luminal pri"
"ACC15-P1-F01"	"Myo pri"
"ACC15-P1-F06"	"Myo pri"
"ACC15-P1-G11"	"Myo pri"
"ACC15-P1-H10"	"Luminal pri"
"ACC15-P1-H11"	"Luminal pri"
"ACC15-P5-A2"	"Luminal pri"
"ACC15-P5-C12"	"Luminal pri"
"ACC15-P5-C5"	"Luminal pri"
"ACC15-P5-D9"	"Luminal pri"
"ACC15-P5-E8"	"Luminal pri"
"ACC15-P5-F7"	"Myo pri"
"ACC15-P5-G10"	"Luminal pri"
"ACC15-P5-G3"	"Myo pri"
"ACC15-P5-H11"	"Myo pri"
"ACC19-P2-A1"	"Luminal pri"
"ACC19-P2-A10"	"Myo pri"
"ACC19-P2-A2"	"Myo pri"
"ACC19-P2-A3"	"Luminal pri"
"ACC19-P2-A4"	"Myo pri"
"ACC19-P2-A7"	"Myo pri"
"ACC19-P2-B1"	"Myo pri"
"ACC19-P2-B10"	"Luminal pri"
"ACC19-P2-B5"	"Luminal pri"
"ACC19-P2-B6"	"Myo pri"
"ACC19-P2-B7"	"Myo pri"
"ACC19-P2-B9"	"Luminal pri"
"ACC19-P2-C10"	"Luminal pri"
"ACC19-P2-C3"	"Luminal pri"
"ACC19-P2-C4"	"Myo pri"
"ACC19-P2-C5"	"Myo pri"
"ACC19-P2-C7"	"Luminal pri"
"ACC19-P2-D10"	"Myo pri"
"ACC19-P2-D11"	"Luminal pri"
"ACC19-P2-D12"	"Myo pri"
"ACC19-P2-D2"	"Myo pri"
"ACC19-P2-D4"	"Myo pri"
"ACC19-P2-D5"	"Myo pri"
"ACC19-P2-D6"	"Myo pri"
"ACC19-P2-D7"	"Myo pri"
"ACC19-P2-D9"	"Luminal pri"
"ACC19-P2-E1"	"Myo pri"
"ACC19-P2-E12"	"Myo pri"
"ACC19-P2-E2"	"Myo pri"
"ACC19-P2-E3"	"Myo pri"
"ACC19-P2-E4"	"Myo pri"
"ACC19-P2-E8"	"Myo pri"
"ACC19-P2-F1"	"Myo pri"
"ACC19-P2-F12"	"Luminal pri"
"ACC19-P2-F3"	"Luminal pri"
"ACC19-P2-F4"	"Myo pri"
"ACC19-P2-F8"	"Luminal pri"
"ACC19-P2-F9"	"Luminal pri"
"ACC19-P2-G10"	"Myo pri"
"ACC19-P2-G2"	"Myo pri"
"ACC19-P2-G6"	"Myo pri"
"ACC19-P2-G7"	"Myo pri"
"ACC19-P2-G8"	"Luminal pri"
"ACC19-P2-H1"	"Luminal pri"
"ACC19-P2-H12"	"Luminal pri"
"ACC19-P2-H2"	"Myo pri"
"ACC19-P2-H3"	"Myo pri"
"ACC19-P2-H4"	"Myo pri"
"ACC19-P2-H5"	"Myo pri"
"ACC19-P2-H6"	"Luminal pri"
"ACC19-P3-A1"	"Myo pri"
"ACC19-P3-A10"	"Luminal pri"
"ACC19-P3-A11"	"Myo pri"
"ACC19-P3-A3"	"Myo pri"
"ACC19-P3-A4"	"Myo pri"
"ACC19-P3-A5"	"Myo pri"
"ACC19-P3-A8"	"Myo pri"
"ACC19-P3-A9"	"Myo pri"
"ACC19-P3-B10"	"Myo pri"
"ACC19-P3-B11"	"Luminal pri"
"ACC19-P3-B2"	"Luminal pri"
"ACC19-P3-B8"	"Myo pri"
"ACC19-P3-B9"	"Myo pri"
"ACC19-P3-C1"	"Luminal pri"
"ACC19-P3-C10"	"Myo pri"
"ACC19-P3-C11"	"Myo pri"
"ACC19-P3-C12"	"Luminal pri"
"ACC19-P3-C4"	"Myo pri"
"ACC19-P3-C8"	"Luminal pri"
"ACC19-P3-C9"	"Myo pri"
"ACC19-P3-D1"	"Myo pri"
"ACC19-P3-D10"	"Myo pri"
"ACC19-P3-D2"	"Myo pri"
"ACC19-P3-D6"	"Luminal pri"
"ACC19-P3-D8"	"Luminal pri"
"ACC19-P3-D9"	"Myo pri"
"ACC19-P3-E1"	"Myo pri"
"ACC19-P3-E11"	"Myo pri"
"ACC19-P3-E12"	"Myo pri"
"ACC19-P3-E2"	"Luminal pri"
"ACC19-P3-E3"	"Myo pri"
"ACC19-P3-E6"	"Myo pri"
"ACC19-P3-E7"	"Luminal pri"
"ACC19-P3-F12"	"Myo pri"
"ACC19-P3-F2"	"Luminal pri"
"ACC19-P3-F3"	"Myo pri"
"ACC19-P3-F4"	"Myo pri"
"ACC19-P3-F5"	"Myo pri"
"ACC19-P3-F6"	"Luminal pri"
"ACC19-P3-F7"	"Myo pri"
"ACC19-P3-F8"	"Myo pri"
"ACC19-P3-F9"	"Myo pri"
"ACC19-P3-G10"	"Myo pri"
"ACC19-P3-G12"	"Luminal pri"
"ACC19-P3-G2"	"Myo pri"
"ACC19-P3-G3"	"Myo pri"
"ACC19-P3-G4"	"Myo pri"
"ACC19-P3-G5"	"Luminal pri"
"ACC19-P3-H10"	"Myo pri"
"ACC19-P3-H2"	"Luminal pri"
"ACC19-P3-H3"	"Luminal pri"
"ACC19-P3-H5"	"Myo pri"
"ACC19-P3-H6"	"Myo pri"
"ACC19-P3-H8"	"Luminal pri"
"ACC19-P3-H9"	"Myo pri"
"ACC19-Plate1-A1"	"Luminal pri"
"ACC19-Plate1-A2"	"Myo pri"
"ACC19-Plate1-A3"	"Myo pri"
"ACC19-Plate1-B10"	"Luminal pri"
"ACC19-Plate1-B3"	"Luminal pri"
"ACC19-Plate1-B4"	"Myo pri"
"ACC19-Plate1-B5"	"Myo pri"
"ACC19-Plate1-B6"	"Myo pri"
"ACC19-Plate1-C10"	"Luminal pri"
"ACC19-Plate1-C11"	"Myo pri"
"ACC19-Plate1-C2"	"Myo pri"
"ACC19-Plate1-C4"	"Myo pri"
"ACC19-Plate1-C6"	"Myo pri"
"ACC19-Plate1-C9"	"Myo pri"
"ACC19-Plate1-D2"	"Myo pri"
"ACC19-Plate1-D6"	"Myo pri"
"ACC19-Plate1-D8"	"Luminal pri"
"ACC19-Plate1-E4"	"Myo pri"
"ACC19-Plate1-E5"	"Myo pri"
"ACC19-Plate1-E8"	"Myo pri"
"ACC19-Plate1-F10"	"Luminal pri"
"ACC19-Plate1-F12"	"Myo pri"
"ACC19-Plate1-F4"	"Myo pri"
"ACC19-Plate1-F5"	"Myo pri"
"ACC19-Plate1-F7"	"Myo pri"
"ACC19-Plate1-G2"	"Luminal pri"
"ACC19-Plate1-G3"	"Luminal pri"
"ACC19-Plate1-G6"	"Luminal pri"
"ACC19-Plate1-H1"	"Luminal pri"
"ACC19-Plate1-H2"	"Luminal pri"
"ACC19-Plate1-H7"	"Myo pri"
"ACC19-Plate1-H8"	"Luminal pri"
"ACC2-2-A04"	"Myo pri"
"ACC2-2-A05"	"Myo pri"
"ACC2-2-A06"	"Myo pri"
"ACC2-2-A09"	"Myo pri"
"ACC2-2-B05"	"Myo pri"
"ACC2-2-B11"	"Luminal pri"
"ACC2-2-C01"	"Myo pri"
"ACC2-2-C03"	"Luminal pri"
"ACC2-2-C05"	"Myo pri"
"ACC2-2-C07"	"Myo pri"
"ACC2-2-D03"	"Myo pri"
"ACC2-2-D04"	"Myo pri"
"ACC2-2-D06"	"Myo pri"
"ACC2-2-E03"	"Myo pri"
"ACC2-2-E05"	"Luminal pri"
"ACC2-2-F03"	"Myo pri"
"ACC2-2-F10"	"Myo pri"
"ACC2-2-G02"	"Myo pri"
"ACC2-2-G07"	"Myo pri"
"ACC2-2-G10"	"Myo pri"
"ACC2-2-G12"	"Myo pri"
"ACC2-2-H10"	"Myo pri"
"ACC2-P1-A10"	"Myo pri"
"ACC2-P1-B09"	"Luminal pri"
"ACC2-P1-B11"	"Myo pri"
"ACC2-P1-C01"	"Myo pri"
"ACC2-P1-C05"	"Myo pri"
"ACC2-P1-C07"	"Myo pri"
"ACC2-P1-C10"	"Myo pri"
"ACC2-P1-C11"	"Myo pri"
"ACC2-P1-C12"	"Myo pri"
"ACC2-P1-D04"	"Myo pri"
"ACC2-P1-D05"	"Myo pri"
"ACC2-P1-D07"	"Myo pri"
"ACC2-P1-D08"	"Myo pri"
"ACC2-P1-D12"	"Myo pri"
"ACC2-P1-E04"	"Myo pri"
"ACC2-P1-E06"	"Myo pri"
"ACC2-P1-E08"	"Myo pri"
"ACC2-P1-E09"	"Myo pri"
"ACC2-P1-F01"	"Myo pri"
"ACC2-P1-F04"	"Myo pri"
"ACC2-P1-F05"	"Myo pri"
"ACC2-P1-F06"	"Myo pri"
"ACC2-P1-F09"	"Myo pri"
"ACC2-P1-G02"	"Myo pri"
"ACC2-P1-G09"	"Myo pri"
"ACC2-P1-H05"	"Myo pri"
"ACC2-P1-H09"	"Myo pri"
"ACC21-P4-B11"	"Luminal pri"
"ACC21-P4-B4"	"Myo pri"
"ACC21-P4-B8"	"Myo pri"
"ACC21-P4-C11"	"Myo pri"
"ACC21-P4-C6"	"Myo pri"
"ACC21-P4-C7"	"Myo pri"
"ACC21-P4-C9"	"Myo pri"
"ACC21-P4-D1"	"Myo pri"
"ACC21-P4-D10"	"Myo pri"
"ACC21-P4-D4"	"Myo pri"
"ACC21-P4-E4"	"Myo pri"
"ACC21-P4-F10"	"Luminal pri"
"ACC21-P4-F12"	"Luminal pri"
"ACC21-P4-F3"	"Myo pri"
"ACC21-P4-G8"	"Luminal pri"
"ACC21-P4-H11"	"Myo pri"
"ACC21-P5-A10"	"Luminal pri"
"ACC21-P5-A7"	"Myo pri"
"ACC21-P5-B1"	"Myo pri"
"ACC21-P5-B12"	"Myo pri"
"ACC21-P5-B4"	"Myo pri"
"ACC21-P5-C11"	"Myo pri"
"ACC21-P5-C2"	"Myo pri"
"ACC21-P5-C3"	"Myo pri"
"ACC21-P5-C5"	"Myo pri"
"ACC21-P5-C7"	"Luminal pri"
"ACC21-P5-D12"	"Myo pri"
"ACC21-P5-D3"	"Myo pri"
"ACC21-P5-D8"	"Luminal pri"
"ACC21-P5-E1"	"Myo pri"
"ACC21-P5-E5"	"Myo pri"
"ACC21-P5-E6"	"Myo pri"
"ACC21-P5-E7"	"Myo pri"
"ACC21-P5-E9"	"Myo pri"
"ACC21-P5-F1"	"Myo pri"
"ACC21-P5-F11"	"Luminal pri"
"ACC21-P5-F2"	"Luminal pri"
"ACC21-P5-F7"	"Luminal pri"
"ACC21-P5-G4"	"Luminal pri"
"ACC21-P5-G5"	"Myo pri"
"ACC21-P5-G6"	"Myo pri"
"ACC21-P5-G8"	"Luminal pri"
"ACC21-P5-H5"	"Luminal pri"
"ACC21-P5-H8"	"Luminal pri"
"ACC21-P5-H9"	"Luminal pri"
"ACC21-Plate1-A3"	"Myo pri"
"ACC21-Plate1-A6"	"Myo pri"
"ACC21-Plate1-A8"	"Luminal pri"
"ACC21-Plate1-B11"	"Myo pri"
"ACC21-Plate1-B3"	"Myo pri"
"ACC21-Plate1-B4"	"Myo pri"
"ACC21-Plate1-B6"	"Myo pri"
"ACC21-Plate1-C11"	"Myo pri"
"ACC21-Plate1-C4"	"Myo pri"
"ACC21-Plate1-C5"	"Luminal pri"
"ACC21-Plate1-C8"	"Myo pri"
"ACC21-Plate1-D4"	"Myo pri"
"ACC21-Plate1-D5"	"Myo pri"
"ACC21-Plate1-E10"	"Myo pri"
"ACC21-Plate1-E3"	"Myo pri"
"ACC21-Plate1-E5"	"Myo pri"
"ACC21-Plate1-F10"	"Luminal pri"
"ACC21-Plate1-F11"	"Myo pri"
"ACC21-Plate1-F3"	"Myo pri"
"ACC21-Plate1-G11"	"Myo pri"
"ACC21-Plate1-G4"	"Luminal pri"
"ACC21-Plate1-G7"	"Myo pri"
"ACC21-Plate1-H10"	"Luminal pri"
"ACC21-Plate1-H5"	"Myo pri"
"ACC21-Plate1-H7"	"Myo pri"
"ACC22-LN-P11-A3"	"Myo LN"
"ACC22-LN-P11-B2"	"Myo LN"
"ACC22-LN-P11-C11"	"Luminal LN"
"ACC22-LN-P11-C4"	"Luminal LN"
"ACC22-LN-P11-C8"	"Luminal LN"
"ACC22-LN-P11-E10"	"Luminal LN"
"ACC22-LN-P11-E7"	"Luminal LN"
"ACC22-LN-P11-E8"	"Myo LN"
"ACC22-LN-P11-F1"	"Luminal LN"
"ACC22-LN-P11-F7"	"Myo LN"
"ACC22-LN-P11-H3"	"Luminal LN"
"ACC22-P12-LN-D2"	"Luminal LN"
"ACC22-P12-LN-D5"	"Myo LN"
"ACC22-P12-LN-E11"	"Myo LN"
"ACC22-P12-LN-E3"	"Luminal LN"
"ACC22-P12-LN-E6"	"Luminal LN"
"ACC22-P12-LN-F8"	"Myo LN"
"ACC22-P12-LN-G5"	"Luminal LN"
"ACC22-P12-LN-G9"	"Luminal LN"
"ACC22-P12-LN-H1"	"Myo LN"
"ACC22-P1-A1"	"Luminal pri"
"ACC22-P1-A7"	"Luminal pri"
"ACC22-P1-B12"	"Luminal pri"
"ACC22-P1-B2"	"Luminal pri"
"ACC22-P1-B8"	"Luminal pri"
"ACC22-P1-C11"	"Luminal pri"
"ACC22-P1-C12"	"Luminal pri"
"ACC22-P1-D1"	"Luminal pri"
"ACC22-P1-D10"	"Luminal pri"
"ACC22-P1-D12"	"Myo pri"
"ACC22-P1-D2"	"Luminal pri"
"ACC22-P1-E10"	"Luminal pri"
"ACC22-P1-E3"	"Luminal pri"
"ACC22-P1-E9"	"Luminal pri"
"ACC22-P1-F11"	"Luminal pri"
"ACC22-P1-F5"	"Myo pri"
"ACC22-P1-F8"	"Luminal pri"
"ACC22-P1-G1"	"Luminal pri"
"ACC22-P1-G11"	"Luminal pri"
"ACC22-P1-G2"	"Luminal pri"
"ACC22-P1-G3"	"Luminal pri"
"ACC22-P1-G4"	"Luminal pri"
"ACC22-P1-H9"	"Luminal pri"
"ACC22-P3-Pri-A1"	"Luminal pri"
"ACC22-P3-Pri-A10"	"Luminal pri"
"ACC22-P3-Pri-C4"	"Myo pri"
"ACC22-P3-Pri-C5"	"Luminal pri"
"ACC22-P3-Pri-C7"	"Luminal pri"
"ACC22-P3-Pri-C9"	"Luminal pri"
"ACC22-P3-Pri-D1"	"Luminal pri"
"ACC22-P3-Pri-D2"	"Luminal pri"
"ACC22-P3-Pri-D5"	"Luminal pri"
"ACC22-P3-Pri-E3"	"Luminal pri"
"ACC22-P3-Pri-E4"	"Luminal pri"
"ACC22-P3-Pri-E9"	"Myo pri"
"ACC22-P3-Pri-F8"	"Luminal pri"
"ACC22-P3-Pri-G12"	"Luminal pri"
"ACC22-P3-Pri-G2"	"Luminal pri"
"ACC22-Pri-P2-A5"	"Luminal pri"
"ACC22-Pri-P2-D12"	"Luminal pri"
"ACC22-Pri-P2-E11"	"Luminal pri"
"ACC22-Pri-P2-E6"	"Luminal pri"
"ACC22-Pri-P2-E7"	"Luminal pri"
"ACC22-Pri-P2-F6"	"Luminal pri"
"ACC22-Pri-P2-G7"	"Luminal pri"
"ACC22-Pri-P2-G9"	"Luminal pri"
"ACC22-Pri-P2-H10"	"Luminal pri"
"ACC2-P4-A12"	"Myo pri"
"ACC2-P4-B10"	"Myo pri"
"ACC2-P4-B4"	"Myo pri"
"ACC2-P4-B5"	"Myo pri"
"ACC2-P4-B7"	"Myo pri"
"ACC2-P4-B9"	"Myo pri"
"ACC2-P4-C6"	"Myo pri"
"ACC2-P4-C7"	"Myo pri"
"ACC2-P4-D6"	"Myo pri"
"ACC2-P4-E10"	"Myo pri"
"ACC2-P4-E3"	"Myo pri"
"ACC2-P4-F10"	"Myo pri"
"ACC2-P4-G11"	"Myo pri"
"ACC2-P4-G5"	"Myo pri"
"ACC2-P4-G6"	"Myo pri"
"ACC2-P4-G7"	"Luminal pri"
"ACC2-P4-H4"	"Myo pri"
"ACC2-P4-H6"	"Luminal pri"
"ACC5-P1-A07"	"Myo pri"
"ACC5-P1-A10"	"Myo pri"
"ACC5-P1-B04"	"Myo pri"
"ACC5-P1-B07"	"Myo pri"
"ACC5-P1-B08"	"Myo pri"
"ACC5-P1-B09"	"Luminal pri"
"ACC5-P1-C03"	"Myo pri"
"ACC5-P1-C05"	"Luminal pri"
"ACC5-P1-C06"	"Myo pri"
"ACC5-P1-C09"	"Myo pri"
"ACC5-P1-C10"	"Myo pri"
"ACC5-P1-C11"	"Myo pri"
"ACC5-P1-D04"	"Luminal pri"
"ACC5-P1-D05"	"Myo pri"
"ACC5-P1-D08"	"Luminal pri"
"ACC5-P1-D12"	"Myo pri"
"ACC5-P1-E06"	"Myo pri"
"ACC5-P1-E08"	"Luminal pri"
"ACC5-P1-E10"	"Myo pri"
"ACC5-P1-E11"	"Myo pri"
"ACC5-P1-E12"	"Luminal pri"
"ACC5-P1-F02"	"Myo pri"
"ACC5-P1-F04"	"Myo pri"
"ACC5-P1-F07"	"Luminal pri"
"ACC5-P1-F08"	"Myo pri"
"ACC5-P1-F09"	"Luminal pri"
"ACC5-P1-F11"	"Myo pri"
"ACC5-P1-G03"	"Luminal pri"
"ACC5-P1-G04"	"Luminal pri"
"ACC5-P1-G10"	"Myo pri"
"ACC5-P1-G11"	"Myo pri"
"ACC5-P1-H01"	"Myo pri"
"ACC5-P1-H02"	"Myo pri"
"ACC5-P1-H05"	"Myo pri"
"ACC5-P1-H06"	"Luminal pri"
"ACC5-P1-H08"	"Myo pri"
"ACC5-P1-H11"	"Myo pri"
"ACC5-P11-A05"	"Luminal LN"
"ACC5-P11-A07"	"Luminal LN"
"ACC5-P11-A08"	"Luminal LN"
"ACC5-P11-A09"	"Luminal LN"
"ACC5-P11-A10"	"Luminal LN"
"ACC5-P11-B01"	"Luminal LN"
"ACC5-P11-B02"	"Luminal LN"
"ACC5-P11-B03"	"Luminal LN"
"ACC5-P11-B06"	"Luminal LN"
"ACC5-P11-B08"	"Luminal LN"
"ACC5-P11-B09"	"Luminal LN"
"ACC5-P11-B10"	"Luminal LN"
"ACC5-P11-B12"	"Luminal LN"
"ACC5-P11-C03"	"Luminal LN"
"ACC5-P11-C04"	"Luminal LN"
"ACC5-P11-C06"	"Luminal LN"
"ACC5-P11-C07"	"Luminal LN"
"ACC5-P11-C08"	"Luminal LN"
"ACC5-P11-C11"	"Myo LN"
"ACC5-P11-C12"	"Luminal LN"
"ACC5-P11-D02"	"Luminal LN"
"ACC5-P11-D03"	"Luminal LN"
"ACC5-P11-D04"	"Luminal LN"
"ACC5-P11-D05"	"Luminal LN"
"ACC5-P11-D07"	"Luminal LN"
"ACC5-P11-D09"	"Luminal LN"
"ACC5-P11-D10"	"Luminal LN"
"ACC5-P11-D11"	"Luminal LN"
"ACC5-P11-D12"	"Luminal LN"
"ACC5-P11-E02"	"Luminal LN"
"ACC5-P11-E03"	"Luminal LN"
"ACC5-P11-E04"	"Luminal LN"
"ACC5-P11-E05"	"Luminal LN"
"ACC5-P11-E06"	"Luminal LN"
"ACC5-P11-E07"	"Luminal LN"
"ACC5-P11-E08"	"Luminal LN"
"ACC5-P11-E09"	"Luminal LN"
"ACC5-P11-E11"	"Myo LN"
"ACC5-P11-E12"	"Luminal LN"
"ACC5-P11-F01"	"Luminal LN"
"ACC5-P11-F04"	"Luminal LN"
"ACC5-P11-F05"	"Luminal LN"
"ACC5-P11-F06"	"Luminal LN"
"ACC5-P11-F07"	"Luminal LN"
"ACC5-P11-F10"	"Luminal LN"
"ACC5-P11-F11"	"Luminal LN"
"ACC5-P11-F12"	"Luminal LN"
"ACC5-P11-G01"	"Luminal LN"
"ACC5-P11-G02"	"Luminal LN"
"ACC5-P11-G04"	"Luminal LN"
"ACC5-P11-G06"	"Luminal LN"
"ACC5-P11-G07"	"Luminal LN"
"ACC5-P11-G08"	"Luminal LN"
"ACC5-P11-G09"	"Luminal LN"
"ACC5-P11-G10"	"Luminal LN"
"ACC5-P11-G11"	"Myo LN"
"ACC5-P11-G12"	"Luminal LN"
"ACC5-P11-H01"	"Luminal LN"
"ACC5-P11-H02"	"Luminal LN"
"ACC5-P11-H04"	"Luminal LN"
"ACC5-P11-H05"	"Luminal LN"
"ACC5-P11-H07"	"Luminal LN"
"ACC5-P11-H08"	"Myo LN"
"ACC5-P11-H12"	"Luminal LN"
"ACC5-P2-A04"	"Myo pri"
"ACC5-P2-A05"	"Myo pri"
"ACC5-P2-A08"	"Myo pri"
"ACC5-P2-A09"	"Myo pri"
"ACC5-P2-A12"	"Myo pri"
"ACC5-P2-B01"	"Myo pri"
"ACC5-P2-B02"	"Myo pri"
"ACC5-P2-B03"	"Myo pri"
"ACC5-P2-B06"	"Myo pri"
"ACC5-P2-B07"	"Myo pri"
"ACC5-P2-B08"	"Luminal pri"
"ACC5-P2-B09"	"Myo pri"
"ACC5-P2-C03"	"Myo pri"
"ACC5-P2-C05"	"Myo pri"
"ACC5-P2-C06"	"Myo pri"
"ACC5-P2-C08"	"Luminal pri"
"ACC5-P2-C09"	"Luminal pri"
"ACC5-P2-C10"	"Luminal pri"
"ACC5-P2-C11"	"Luminal pri"
"ACC5-P2-D01"	"Myo pri"
"ACC5-P2-D03"	"Myo pri"
"ACC5-P2-D04"	"Myo pri"
"ACC5-P2-D05"	"Luminal pri"
"ACC5-P2-D06"	"Myo pri"
"ACC5-P2-D07"	"Myo pri"
"ACC5-P2-D08"	"Myo pri"
"ACC5-P2-D11"	"Luminal pri"
"ACC5-P2-E02"	"Myo pri"
"ACC5-P2-E03"	"Luminal pri"
"ACC5-P2-E04"	"Luminal pri"
"ACC5-P2-E07"	"Myo pri"
"ACC5-P2-E10"	"Myo pri"
"ACC5-P2-E12"	"Myo pri"
"ACC5-P2-F02"	"Myo pri"
"ACC5-P2-F04"	"Myo pri"
"ACC5-P2-G02"	"Myo pri"
"ACC5-P2-G04"	"Myo pri"
"ACC5-P2-G05"	"Myo pri"
"ACC5-P2-G06"	"Luminal pri"
"ACC5-P2-G07"	"Myo pri"
"ACC5-P2-G09"	"Myo pri"
"ACC5-P2-G12"	"Myo pri"
"ACC5-P2-H01"	"Myo pri"
"ACC5-P2-H02"	"Luminal pri"
"ACC5-P2-H03"	"Myo pri"
"ACC5-P2-H04"	"Myo pri"
"ACC5-P2-H07"	"Myo pri"
"ACC5-P2-H08"	"Myo pri"
"ACC5-P2-H11"	"Myo pri"
"ACC5-P2-H12"	"Luminal pri"
"ACC5-Plate4-A4"	"Myo pri"
"ACC5-Plate4-A5"	"Myo pri"
"ACC5-Plate4-A7"	"Myo pri"
"ACC5-Plate4-A8"	"Luminal pri"
"ACC5-Plate4-B11"	"Myo pri"
"ACC5-Plate4-B12"	"Myo pri"
"ACC5-Plate4-B2"	"Myo pri"
"ACC5-Plate4-B7"	"Luminal pri"
"ACC5-Plate4-B8"	"Luminal pri"
"ACC5-Plate4-B9"	"Myo pri"
"ACC5-Plate4-C10"	"Luminal pri"
"ACC5-Plate4-C7"	"Myo pri"
"ACC5-Plate4-C9"	"Luminal pri"
"ACC5-Plate4-D9"	"Luminal pri"
"ACC5-Plate4-E11"	"Myo pri"
"ACC5-Plate4-E3"	"Myo pri"
"ACC5-Plate4-E4"	"Luminal pri"
"ACC5-Plate4-E7"	"Myo pri"
"ACC5-Plate4-F2"	"Luminal pri"
"ACC5-Plate4-F4"	"Myo pri"
"ACC5-Plate4-F8"	"Luminal pri"
"ACC5-Plate4-G10"	"Luminal pri"
"ACC5-Plate4-G12"	"Myo pri"
"ACC5-Plate4-G8"	"Myo pri"
"ACC5-Plate4-H4"	"Myo pri"
"ACC5-Plate4-H8"	"Luminal pri"
"ACC5-Plate4-H9"	"Luminal pri"
"ACC7-P1-A06"	"Luminal pri"
"ACC7-P1-A10"	"Luminal pri"
"ACC7-P1-B03"	"Luminal pri"
"ACC7-P1-B11"	"Luminal pri"
"ACC7-P1-C07"	"Luminal pri"
"ACC7-P1-C08"	"Luminal pri"
"ACC7-P1-D02"	"Luminal pri"
"ACC7-P1-D05"	"Luminal pri"
"ACC7-P1-D07"	"Myo pri"
"ACC7-P1-E02"	"Luminal pri"
"ACC7-P1-E06"	"Luminal pri"
"ACC7-P1-E07"	"Luminal pri"
"ACC7-P1-F06"	"Luminal pri"
"ACC7-P1-G05"	"Luminal pri"
"ACC7-P1-G11"	"Luminal pri"
"ACC7-P1-H04"	"Luminal pri"
"ACC7-P1-H07"	"Luminal pri"
"ACC7-P1-H10"	"Luminal pri"
"ACC7-P13-B10"	"Luminal LN"
"ACC7-P13-B12"	"Luminal LN"
"ACC7-P13-C08"	"Luminal LN"
"ACC7-P13-E09"	"Luminal LN"
"ACC7-P13-F11"	"Luminal LN"
"ACC7-P13-G01"	"Luminal LN"
"ACC7-P13-G03"	"Luminal LN"
"ACC7-P13-G08"	"Luminal LN"
"ACC7-P13-H06"	"Luminal LN"
"ACC7-P3-C06"	"Luminal pri"
"ACC7-P3-D10"	"Luminal pri"
"ACC7-P3-E10"	"Myo pri"
"ACC7-P3-E12"	"Luminal pri"
"ACC7-P3-F06"	"Luminal pri"
"ACC7-P3-F08"	"Luminal pri"
"ACC7-P3-G09"	"Luminal pri"
"ACC7-P3-H09"	"Luminal pri"
"ACC7-P3-H12"	"Myo pri"
"ACC7-P7-A4"	"Luminal pri"
"ACC7-P7-C2"	"Luminal pri"
"ACC7-P7-F6"	"Luminal pri"
"ACC7-P7-H5"	"Luminal pri"
"ACC7-Plate3-B7"	"Luminal pri"
"ACC7-Plate3-D10"	"Luminal pri"
"ACC7-Plate3-D11"	"Luminal pri"
"ACC7-Plate3-F6"	"Luminal pri"
"ACC7-Plate3-F7"	"Luminal pri"
"ACC7-Plate3-G9"	"Luminal pri"
"ACC22-P18-LN-A10"	"Naive B LN"
"ACC22-P18-LN-A11"	"Naive CD4+ T LN"
"ACC22-P18-LN-A12"	"Naive CD4+ T LN"
"ACC22-P18-LN-A1"	"Effector CD8+ T LN"
"ACC22-P18-LN-A2"	"Naive B LN"
"ACC22-P18-LN-A3"	"Naive B LN"
"ACC22-P18-LN-A4"	"Naive CD4+ T LN"
"ACC22-P18-LN-A5"	"Effector CD8+ T LN"
"ACC22-P18-LN-A6"	"Naive CD4+ T LN"
"ACC22-P18-LN-A7"	"Naive CD4+ T LN"
"ACC22-P18-LN-A8"	"Naive B LN"
"ACC22-P18-LN-A9"	"Naive B LN"
"ACC22-P18-LN-B10"	"Naive CD4+ T LN"
"ACC22-P18-LN-B11"	"Naive CD4+ T LN"
"ACC22-P18-LN-B12"	"Effector CD8+ T LN"
"ACC22-P18-LN-B1"	"Naive B LN"
"ACC22-P18-LN-B2"	"Effector CD8+ T LN"
"ACC22-P18-LN-B3"	"Naive CD4+ T LN"
"ACC22-P18-LN-B4"	"Naive CD4+ T LN"
"ACC22-P18-LN-B5"	"Naive B LN"
"ACC22-P18-LN-B6"	"Naive CD4+ T LN"
"ACC22-P18-LN-B7"	"Naive CD4+ T LN"
"ACC22-P18-LN-B8"	"Naive B LN"
"ACC22-P18-LN-B9"	"CD8+ NKT-like LN"
"ACC22-P18-LN-C10"	"Naive CD4+ T LN"
"ACC22-P18-LN-C11"	"Naive CD4+ T LN"
"ACC22-P18-LN-C12"	"Naive CD4+ T LN"
"ACC22-P18-LN-C1"	"Naive B LN"
"ACC22-P18-LN-C2"	"Naive CD4+ T LN"
"ACC22-P18-LN-C3"	"Naive CD4+ T LN"
"ACC22-P18-LN-C4"	"Effector CD8+ T LN"
"ACC22-P18-LN-C5"	"Effector CD8+ T LN"
"ACC22-P18-LN-C6"	"CD8+ NKT-like LN"
"ACC22-P18-LN-C7"	"Naive CD4+ T LN"
"ACC22-P18-LN-C8"	"Naive CD4+ T LN"
"ACC22-P18-LN-C9"	"Naive CD4+ T LN"
"ACC22-P18-LN-D10"	"CD8+ NKT-like LN"
"ACC22-P18-LN-D11"	"Naive B LN"
"ACC22-P18-LN-D12"	"Plasmacytoid Dendritic LN"
"ACC22-P18-LN-D1"	"Naive B LN"
"ACC22-P18-LN-D2"	"CD8+ NKT-like LN"
"ACC22-P18-LN-D3"	"Naive CD4+ T LN"
"ACC22-P18-LN-D4"	"Naive CD4+ T LN"
"ACC22-P18-LN-D5"	"Naive CD4+ T LN"
"ACC22-P18-LN-D6"	"Naive CD4+ T LN"
"ACC22-P18-LN-D7"	"Naive CD4+ T LN"
"ACC22-P18-LN-D8"	"Naive B LN"
"ACC22-P18-LN-D9"	"Naive CD4+ T LN"
"ACC22-P18-LN-E10"	"Naive CD4+ T LN"
"ACC22-P18-LN-E11"	"Naive CD4+ T LN"
"ACC22-P18-LN-E12"	"Naive CD4+ T LN"
"ACC22-P18-LN-E1"	"Naive CD4+ T LN"
"ACC22-P18-LN-E2"	"Naive CD4+ T LN"
"ACC22-P18-LN-E3"	"Naive CD4+ T LN"
"ACC22-P18-LN-E4"	"Naive CD4+ T LN"
"ACC22-P18-LN-E5"	"Naive B LN"
"ACC22-P18-LN-E6"	"Effector CD8+ T LN"
"ACC22-P18-LN-E7"	"Naive CD4+ T LN"
"ACC22-P18-LN-E9"	"Naive CD4+ T LN"
"ACC22-P18-LN-F10"	"Naive CD4+ T LN"
"ACC22-P18-LN-F11"	"Naive CD4+ T LN"
"ACC22-P18-LN-F12"	"Naive CD4+ T LN"
"ACC22-P18-LN-F1"	"Naive CD4+ T LN"
"ACC22-P18-LN-F2"	"Naive CD4+ T LN"
"ACC22-P18-LN-F3"	"Effector CD8+ T LN"
"ACC22-P18-LN-F4"	"CD8+ NKT-like LN"
"ACC22-P18-LN-F5"	"Naive CD4+ T LN"
"ACC22-P18-LN-F6"	"Naive CD4+ T LN"
"ACC22-P18-LN-F7"	"Naive B LN"
"ACC22-P18-LN-F8"	"Naive CD4+ T LN"
"ACC22-P18-LN-F9"	"Naive CD4+ T LN"
"ACC22-P18-LN-G10"	"Naive CD4+ T LN"
"ACC22-P18-LN-G11"	"Naive CD4+ T LN"
"ACC22-P18-LN-G12"	"Naive CD4+ T LN"
"ACC22-P18-LN-G1"	"Naive CD4+ T LN"
"ACC22-P18-LN-G2"	"Naive CD4+ T LN"
"ACC22-P18-LN-G3"	"Naive CD4+ T LN"
"ACC22-P18-LN-G4"	"CD8+ NKT-like LN"
"ACC22-P18-LN-G5"	"Naive CD4+ T LN"
"ACC22-P18-LN-G6"	"Naive CD4+ T LN"
"ACC22-P18-LN-G7"	"Naive CD4+ T LN"
"ACC22-P18-LN-G8"	"Naive CD4+ T LN"
"ACC22-P18-LN-G9"	"Naive CD4+ T LN"
"ACC22-P18-LN-H10"	"Naive CD4+ T LN"
"ACC22-P18-LN-H11"	"Naive CD4+ T LN"
"ACC22-P18-LN-H12"	"CD8+ NKT-like LN"
"ACC22-P18-LN-H1"	"Naive CD4+ T LN"
"ACC22-P18-LN-H2"	"Naive CD4+ T LN"
"ACC22-P18-LN-H3"	"Naive CD4+ T LN"
"ACC22-P18-LN-H4"	"Naive CD4+ T LN"
"ACC22-P18-LN-H5"	"Naive CD4+ T LN"
"ACC22-P18-LN-H6"	"Naive CD4+ T LN"
"ACC22-P18-LN-H7"	"Naive B LN"
"ACC22-P18-LN-H8"	"Naive CD4+ T LN"
"ACC22-P18-LN-H9"	"Naive CD4+ T LN"
"ACC22-P19-LN-A10"	"Naive B LN"
"ACC22-P19-LN-A11"	"Naive B LN"
"ACC22-P19-LN-A12"	"Naive B LN"
"ACC22-P19-LN-A1"	"Naive CD4+ T LN"
"ACC22-P19-LN-A2"	"Naive CD4+ T LN"
"ACC22-P19-LN-A3"	"Effector CD8+ T LN"
"ACC22-P19-LN-A4"	"Naive CD4+ T LN"
"ACC22-P19-LN-A5"	"Naive B LN"
"ACC22-P19-LN-A6"	"Effector CD8+ T LN"
"ACC22-P19-LN-A7"	"Naive CD4+ T LN"
"ACC22-P19-LN-A8"	"Naive CD4+ T LN"
"ACC22-P19-LN-A9"	"Naive B LN"
"ACC22-P19-LN-B10"	"Effector CD8+ T LN"
"ACC22-P19-LN-B11"	"Naive B LN"
"ACC22-P19-LN-B12"	"Effector CD8+ T LN"
"ACC22-P19-LN-B1"	"Naive B LN"
"ACC22-P19-LN-B2"	"Effector CD8+ T LN"
"ACC22-P19-LN-B3"	"Naive CD4+ T LN"
"ACC22-P19-LN-B4"	"Naive CD4+ T LN"
"ACC22-P19-LN-B5"	"Naive CD4+ T LN"
"ACC22-P19-LN-B6"	"CD8+ NKT-like LN"
"ACC22-P19-LN-B7"	"Naive CD4+ T LN"
"ACC22-P19-LN-B8"	"Naive CD4+ T LN"
"ACC22-P19-LN-B9"	"Naive CD4+ T LN"
"ACC22-P19-LN-C10"	"Naive B LN"
"ACC22-P19-LN-C11"	"Effector CD8+ T LN"
"ACC22-P19-LN-C12"	"Naive B LN"
"ACC22-P19-LN-C1"	"Naive CD4+ T LN"
"ACC22-P19-LN-C2"	"Naive CD4+ T LN"
"ACC22-P19-LN-C3"	"Naive B LN"
"ACC22-P19-LN-C4"	"Naive CD4+ T LN"
"ACC22-P19-LN-C5"	"Effector CD8+ T LN"
"ACC22-P19-LN-C6"	"CD8+ NKT-like LN"
"ACC22-P19-LN-C7"	"Naive B LN"
"ACC22-P19-LN-C8"	"Naive CD4+ T LN"
"ACC22-P19-LN-C9"	"Naive B LN"
"ACC22-P19-LN-D10"	"Naive CD4+ T LN"
"ACC22-P19-LN-D11"	"Effector CD8+ T LN"
"ACC22-P19-LN-D12"	"Naive CD4+ T LN"
"ACC22-P19-LN-D1"	"Naive B LN"
"ACC22-P19-LN-D2"	"Naive B LN"
"ACC22-P19-LN-D3"	"Naive CD4+ T LN"
"ACC22-P19-LN-D4"	"Naive CD4+ T LN"
"ACC22-P19-LN-D6"	"Naive CD4+ T LN"
"ACC22-P19-LN-D7"	"CD8+ NKT-like LN"
"ACC22-P19-LN-D8"	"Naive B LN"
"ACC22-P19-LN-D9"	"Naive CD4+ T LN"
"ACC22-P19-LN-E10"	"Naive B LN"
"ACC22-P19-LN-E11"	"Naive CD4+ T LN"
"ACC22-P19-LN-E12"	"Naive B LN"
"ACC22-P19-LN-E1"	"Naive B LN"
"ACC22-P19-LN-E2"	"Naive CD4+ T LN"
"ACC22-P19-LN-E3"	"Naive B LN"
"ACC22-P19-LN-E4"	"Effector CD8+ T LN"
"ACC22-P19-LN-E5"	"Naive B LN"
"ACC22-P19-LN-E6"	"Naive CD4+ T LN"
"ACC22-P19-LN-E7"	"Naive CD4+ T LN"
"ACC22-P19-LN-E8"	"Naive CD4+ T LN"
"ACC22-P19-LN-E9"	"Naive B LN"
"ACC22-P19-LN-F10"	"Naive CD4+ T LN"
"ACC22-P19-LN-F11"	"Naive CD4+ T LN"
"ACC22-P19-LN-F12"	"Effector CD8+ T LN"
"ACC22-P19-LN-F1"	"Naive CD4+ T LN"
"ACC22-P19-LN-F2"	"Naive B LN"
"ACC22-P19-LN-F3"	"Naive CD4+ T LN"
"ACC22-P19-LN-F4"	"Naive CD4+ T LN"
"ACC22-P19-LN-F5"	"Naive CD4+ T LN"
"ACC22-P19-LN-F6"	"Naive CD4+ T LN"
"ACC22-P19-LN-F7"	"Naive B LN"
"ACC22-P19-LN-F8"	"CD8+ NKT-like LN"
"ACC22-P19-LN-F9"	"Effector CD8+ T LN"
"ACC22-P19-LN-G10"	"Effector CD8+ T LN"
"ACC22-P19-LN-G11"	"Naive CD4+ T LN"
"ACC22-P19-LN-G12"	"Naive CD4+ T LN"
"ACC22-P19-LN-G1"	"Naive CD4+ T LN"
"ACC22-P19-LN-G2"	"Naive CD4+ T LN"
"ACC22-P19-LN-G3"	"Naive B LN"
"ACC22-P19-LN-G4"	"Naive CD4+ T LN"
"ACC22-P19-LN-G5"	"Naive CD4+ T LN"
"ACC22-P19-LN-G6"	"Effector CD8+ T LN"
"ACC22-P19-LN-G7"	"Naive CD4+ T LN"
"ACC22-P19-LN-G8"	"Naive CD4+ T LN"
"ACC22-P19-LN-G9"	"CD8+ NKT-like LN"
"ACC22-P19-LN-H10"	"CD8+ NKT-like LN"
"ACC22-P19-LN-H11"	"Naive CD4+ T LN"
"ACC22-P19-LN-H12"	"Naive B LN"
"ACC22-P19-LN-H1"	"Effector CD8+ T LN"
"ACC22-P19-LN-H2"	"Naive B LN"
"ACC22-P19-LN-H3"	"Naive CD4+ T LN"
"ACC22-P19-LN-H4"	"Naive B LN"
"ACC22-P19-LN-H5"	"Naive CD4+ T LN"
"ACC22-P19-LN-H6"	"Effector CD8+ T LN"
"ACC22-P19-LN-H7"	"Naive B LN"
"ACC22-P19-LN-H8"	"Effector CD8+ T LN"
"ACC22-P19-LN-H9"	"Naive B LN"
"ACC22-P8-A10"	"Naive CD4+ T pri"
"ACC22-P8-A11"	"Macrophages pri"
"ACC22-P8-A12"	"Basophils pri"
"ACC22-P8-A1"	"Macrophages pri"
"ACC22-P8-A2"	"Effector CD8+ T pri"
"ACC22-P8-A4"	"Naive CD4+ T pri"
"ACC22-P8-A5"	"Effector CD8+ T pri"
"ACC22-P8-A6"	"Neutrophils pri"
"ACC22-P8-A7"	"Naive CD4+ T pri"
"ACC22-P8-A8"	"Plasmacytoid Dendritic pri"
"ACC22-P8-A9"	"Macrophages pri"
"ACC22-P8-B10"	"Naive CD4+ T pri"
"ACC22-P8-B11"	"CD8+ NKT-like pri"
"ACC22-P8-B1"	"Effector CD8+ T pri"
"ACC22-P8-B2"	"Effector CD8+ T pri"
"ACC22-P8-B3"	"Plasmacytoid Dendritic pri"
"ACC22-P8-B4"	"Effector CD8+ T pri"
"ACC22-P8-B5"	"Basophils pri"
"ACC22-P8-B6"	"Naive CD4+ T pri"
"ACC22-P8-B7"	"Macrophages pri"
"ACC22-P8-B8"	"Naive CD4+ T pri"
"ACC22-P8-B9"	"Naive CD4+ T pri"
"ACC22-P8-C10"	"Effector CD8+ T pri"
"ACC22-P8-C11"	"Effector CD8+ T pri"
"ACC22-P8-C12"	"Effector CD8+ T pri"
"ACC22-P8-C1"	"Macrophages pri"
"ACC22-P8-C2"	"CD8+ NKT-like pri"
"ACC22-P8-C3"	"CD8+ NKT-like pri"
"ACC22-P8-C4"	"Macrophages pri"
"ACC22-P8-C5"	"Effector CD8+ T pri"
"ACC22-P8-C6"	"Naive CD4+ T pri"
"ACC22-P8-C8"	"Effector CD8+ T pri"
"ACC22-P8-C9"	"Effector CD8+ T pri"
"ACC22-P8-D10"	"CD8+ NKT-like pri"
"ACC22-P8-D11"	"Macrophages pri"
"ACC22-P8-D12"	"Effector CD8+ T pri"
"ACC22-P8-D1"	"Macrophages pri"
"ACC22-P8-D2"	"Naive CD4+ T pri"
"ACC22-P8-D3"	"Effector CD8+ T pri"
"ACC22-P8-D4"	"CD8+ NKT-like pri"
"ACC22-P8-D5"	"Effector CD8+ T pri"
"ACC22-P8-D6"	"Naive CD4+ T pri"
"ACC22-P8-D7"	"Effector CD8+ T pri"
"ACC22-P8-D9"	"Macrophages pri"
"ACC22-P8-E10"	"Effector CD8+ T pri"
"ACC22-P8-E12"	"Naive CD4+ T pri"
"ACC22-P8-E1"	"Naive CD4+ T pri"
"ACC22-P8-E2"	"Effector CD8+ T pri"
"ACC22-P8-E3"	"Macrophages pri"
"ACC22-P8-E4"	"Effector CD8+ T pri"
"ACC22-P8-E5"	"Macrophages pri"
"ACC22-P8-E6"	"Effector CD8+ T pri"
"ACC22-P8-E7"	"Macrophages pri"
"ACC22-P8-E8"	"Plasmacytoid Dendritic pri"
"ACC22-P8-E9"	"Naive CD4+ T pri"
"ACC22-P8-F10"	"Effector CD8+ T pri"
"ACC22-P8-F11"	"Naive CD4+ T pri"
"ACC22-P8-F12"	"Macrophages pri"
"ACC22-P8-F1"	"Macrophages pri"
"ACC22-P8-F3"	"Macrophages pri"
"ACC22-P8-F4"	"Effector CD8+ T pri"
"ACC22-P8-F5"	"Effector CD8+ T pri"
"ACC22-P8-F6"	"Effector CD8+ T pri"
"ACC22-P8-F7"	"Effector CD8+ T pri"
"ACC22-P8-F8"	"Effector CD8+ T pri"
"ACC22-P8-F9"	"Effector CD8+ T pri"
"ACC22-P8-G10"	"Plasmacytoid Dendritic pri"
"ACC22-P8-G11"	"Macrophages pri"
"ACC22-P8-G12"	"Basophils pri"
"ACC22-P8-G1"	"Effector CD8+ T pri"
"ACC22-P8-G2"	"Neutrophils pri"
"ACC22-P8-G3"	"Effector CD8+ T pri"
"ACC22-P8-G7"	"Naive CD4+ T pri"
"ACC22-P8-G8"	"Naive CD4+ T pri"
"ACC22-P8-H10"	"Basophils pri"
"ACC22-P8-H11"	"Basophils pri"
"ACC22-P8-H12"	"Macrophages pri"
"ACC22-P8-H1"	"Naive CD4+ T pri"
"ACC22-P8-H2"	"Macrophages pri"
"ACC22-P8-H3"	"Effector CD8+ T pri"
"ACC22-P8-H6"	"Macrophages pri"
"ACC22-P8-H7"	"CD8+ NKT-like pri"
"ACC22-P8-H8"	"Naive CD4+ T pri"
"ACC22-P8-H9"	"Naive CD4+ T pri"
"ACC22-P9-A10"	"Effector CD8+ T pri"
"ACC22-P9-A1"	"Basophils pri"
"ACC22-P9-A2"	"Effector CD8+ T pri"
"ACC22-P9-A3"	"Naive CD4+ T pri"
"ACC22-P9-A4"	"Plasmacytoid Dendritic pri"
"ACC22-P9-A5"	"Effector CD8+ T pri"
"ACC22-P9-A6"	"Macrophages pri"
"ACC22-P9-A7"	"Effector CD8+ T pri"
"ACC22-P9-A8"	"Effector CD8+ T pri"
"ACC22-P9-A9"	"Naive CD4+ T pri"
"ACC22-P9-B10"	"Effector CD8+ T pri"
"ACC22-P9-B12"	"Effector CD8+ T pri"
"ACC22-P9-B1"	"Effector CD8+ T pri"
"ACC22-P9-B2"	"Basophils pri"
"ACC22-P9-B3"	"Effector CD8+ T pri"
"ACC22-P9-B4"	"Effector CD8+ T pri"
"ACC22-P9-B5"	"Effector CD8+ T pri"
"ACC22-P9-B6"	"CD8+ NKT-like pri"
"ACC22-P9-B7"	"Naive CD4+ T pri"
"ACC22-P9-B8"	"Effector CD8+ T pri"
"ACC22-P9-B9"	"Effector CD8+ T pri"
"ACC22-P9-C10"	"Macrophages pri"
"ACC22-P9-C11"	"Effector CD8+ T pri"
"ACC22-P9-C12"	"Effector CD8+ T pri"
"ACC22-P9-C1"	"Naive CD4+ T pri"
"ACC22-P9-C2"	"Basophils pri"
"ACC22-P9-C3"	"Naive CD4+ T pri"
"ACC22-P9-C4"	"Macrophages pri"
"ACC22-P9-C5"	"Effector CD8+ T pri"
"ACC22-P9-C7"	"Plasmacytoid Dendritic pri"
"ACC22-P9-C8"	"Effector CD8+ T pri"
"ACC22-P9-C9"	"Effector CD8+ T pri"
"ACC22-P9-D10"	"Effector CD8+ T pri"
"ACC22-P9-D11"	"Naive CD4+ T pri"
"ACC22-P9-D12"	"Basophils pri"
"ACC22-P9-D1"	"Effector CD8+ T pri"
"ACC22-P9-D2"	"Effector CD8+ T pri"
"ACC22-P9-D3"	"Naive CD4+ T pri"
"ACC22-P9-D6"	"Effector CD8+ T pri"
"ACC22-P9-D7"	"Effector CD8+ T pri"
"ACC22-P9-D8"	"Effector CD8+ T pri"
"ACC22-P9-D9"	"Effector CD8+ T pri"
"ACC22-P9-E10"	"Macrophages pri"
"ACC22-P9-E11"	"Naive CD4+ T pri"
"ACC22-P9-E12"	"Effector CD8+ T pri"
"ACC22-P9-E1"	"Macrophages pri"
"ACC22-P9-E2"	"Naive CD4+ T pri"
"ACC22-P9-E3"	"Effector CD8+ T pri"
"ACC22-P9-E4"	"Naive B pri"
"ACC22-P9-E5"	"Plasmacytoid Dendritic pri"
"ACC22-P9-E7"	"Effector CD8+ T pri"
"ACC22-P9-E8"	"Effector CD8+ T pri"
"ACC22-P9-E9"	"Macrophages pri"
"ACC22-P9-F11"	"Effector CD8+ T pri"
"ACC22-P9-F12"	"Effector CD8+ T pri"
"ACC22-P9-F1"	"Effector CD8+ T pri"
"ACC22-P9-F2"	"Basophils pri"
"ACC22-P9-F3"	"Effector CD8+ T pri"
"ACC22-P9-F4"	"Macrophages pri"
"ACC22-P9-F5"	"Effector CD8+ T pri"
"ACC22-P9-F6"	"Effector CD8+ T pri"
"ACC22-P9-F7"	"Effector CD8+ T pri"
"ACC22-P9-F9"	"Effector CD8+ T pri"
"ACC22-P9-G10"	"Effector CD8+ T pri"
"ACC22-P9-G11"	"Effector CD8+ T pri"
"ACC22-P9-G1"	"Effector CD8+ T pri"
"ACC22-P9-G2"	"CD8+ NKT-like pri"
"ACC22-P9-G3"	"Effector CD8+ T pri"
"ACC22-P9-G4"	"Effector CD8+ T pri"
"ACC22-P9-G5"	"Effector CD8+ T pri"
"ACC22-P9-G7"	"Effector CD8+ T pri"
"ACC22-P9-G8"	"Naive CD4+ T pri"
"ACC22-P9-H10"	"Effector CD8+ T pri"
"ACC22-P9-H11"	"Effector CD8+ T pri"
"ACC22-P9-H1"	"Effector CD8+ T pri"
"ACC22-P9-H2"	"Effector CD8+ T pri"
"ACC22-P9-H3"	"Effector CD8+ T pri"
"ACC22-P9-H4"	"Effector CD8+ T pri"
"ACC22-P9-H5"	"Effector CD8+ T pri"
"ACC22-P9-H6"	"Macrophages pri"
"ACC22-P9-H7"	"Naive CD4+ T pri"
"ACC22-P9-H8"	"Effector CD8+ T pri"
"ACC22-P9-H9"	"Effector CD8+ T pri"
"ACC15-P8-A10"	"Naive CD4+ T pri"
"ACC15-P8-A11"	"Macrophages pri"
"ACC15-P8-A12"	"Effector CD8+ T pri"
"ACC15-P8-A1"	"Effector CD8+ T pri"
"ACC15-P8-A2"	"Effector CD8+ T pri"
"ACC15-P8-A4"	"Effector CD8+ T pri"
"ACC15-P8-A5"	"Effector CD8+ T pri"
"ACC15-P8-A6"	"CD8+ NKT-like pri"
"ACC15-P8-A7"	"Naive CD4+ T pri"
"ACC15-P8-A8"	"Effector CD8+ T pri"
"ACC15-P8-A9"	"CD8+ NKT-like pri"
"ACC15-P8-B10"	"Effector CD8+ T pri"
"ACC15-P8-B11"	"CD8+ NKT-like pri"
"ACC15-P8-B12"	"Effector CD8+ T pri"
"ACC15-P8-B1"	"Effector CD8+ T pri"
"ACC15-P8-B2"	"Macrophages pri"
"ACC15-P8-B3"	"Naive CD4+ T pri"
"ACC15-P8-B4"	"Macrophages pri"
"ACC15-P8-B6"	"Effector CD8+ T pri"
"ACC15-P8-B7"	"Macrophages pri"
"ACC15-P8-B8"	"Effector CD8+ T pri"
"ACC15-P8-B9"	"CD8+ NKT-like pri"
"ACC15-P8-C10"	"CD8+ NKT-like pri"
"ACC15-P8-C11"	"Basophils pri"
"ACC15-P8-C12"	"Effector CD8+ T pri"
"ACC15-P8-C1"	"Effector CD8+ T pri"
"ACC15-P8-C2"	"Macrophages pri"
"ACC15-P8-C4"	"Effector CD8+ T pri"
"ACC15-P8-C5"	"Plasmacytoid Dendritic pri"
"ACC15-P8-C6"	"Basophils pri"
"ACC15-P8-C9"	"Macrophages pri"
"ACC15-P8-D10"	"CD8+ NKT-like pri"
"ACC15-P8-D12"	"Macrophages pri"
"ACC15-P8-D1"	"Effector CD8+ T pri"
"ACC15-P8-D2"	"Effector CD8+ T pri"
"ACC15-P8-D3"	"Effector CD8+ T pri"
"ACC15-P8-D4"	"Macrophages pri"
"ACC15-P8-D5"	"Effector CD8+ T pri"
"ACC15-P8-D6"	"CD8+ NKT-like pri"
"ACC15-P8-D7"	"Naive CD4+ T pri"
"ACC15-P8-D8"	"Effector CD8+ T pri"
"ACC15-P8-D9"	"CD8+ NKT-like pri"
"ACC15-P8-E10"	"CD8+ NKT-like pri"
"ACC15-P8-E11"	"Naive CD4+ T pri"
"ACC15-P8-E12"	"Effector CD8+ T pri"
"ACC15-P8-E1"	"CD8+ NKT-like pri"
"ACC15-P8-E2"	"Effector CD8+ T pri"
"ACC15-P8-E4"	"Effector CD8+ T pri"
"ACC15-P8-E5"	"Effector CD8+ T pri"
"ACC15-P8-E6"	"Basophils pri"
"ACC15-P8-E7"	"CD8+ NKT-like pri"
"ACC15-P8-E8"	"Naive CD4+ T pri"
"ACC15-P8-E9"	"Naive CD4+ T pri"
"ACC15-P8-F10"	"Effector CD8+ T pri"
"ACC15-P8-F11"	"Naive CD4+ T pri"
"ACC15-P8-F12"	"Effector CD8+ T pri"
"ACC15-P8-F1"	"CD8+ NKT-like pri"
"ACC15-P8-F2"	"Effector CD8+ T pri"
"ACC15-P8-F3"	"Effector CD8+ T pri"
"ACC15-P8-F4"	"Basophils pri"
"ACC15-P8-F5"	"Effector CD8+ T pri"
"ACC15-P8-F6"	"Naive CD4+ T pri"
"ACC15-P8-F7"	"CD8+ NKT-like pri"
"ACC15-P8-F8"	"Effector CD8+ T pri"
"ACC15-P8-G10"	"Plasmacytoid Dendritic pri"
"ACC15-P8-G11"	"Naive CD4+ T pri"
"ACC15-P8-G12"	"Macrophages pri"
"ACC15-P8-G2"	"Basophils pri"
"ACC15-P8-G4"	"Effector CD8+ T pri"
"ACC15-P8-G5"	"Macrophages pri"
"ACC15-P8-G6"	"Effector CD8+ T pri"
"ACC15-P8-G7"	"CD8+ NKT-like pri"
"ACC15-P8-G8"	"Naive CD4+ T pri"
"ACC15-P8-G9"	"Plasmacytoid Dendritic pri"
"ACC15-P8-H10"	"Naive CD4+ T pri"
"ACC15-P8-H11"	"Effector CD8+ T pri"
"ACC15-P8-H12"	"Macrophages pri"
"ACC15-P8-H2"	"Effector CD8+ T pri"
"ACC15-P8-H3"	"Effector CD8+ T pri"
"ACC15-P8-H4"	"CD8+ NKT-like pri"
"ACC15-P8-H5"	"Effector CD8+ T pri"
"ACC15-P8-H6"	"Macrophages pri"
"ACC15-P8-H7"	"Naive CD4+ T pri"
"ACC15-P8-H8"	"Effector CD8+ T pri"
"ACC15-P8-H9"	"Naive CD4+ T pri"
"ACC15-P9-A10"	"CD8+ NKT-like pri"
"ACC15-P9-A11"	"CD8+ NKT-like pri"
"ACC15-P9-A12"	"Basophils pri"
"ACC15-P9-A1"	"Effector CD8+ T pri"
"ACC15-P9-A2"	"Effector CD8+ T pri"
"ACC15-P9-A4"	"Macrophages pri"
"ACC15-P9-A5"	"Plasmacytoid Dendritic pri"
"ACC15-P9-A6"	"Plasmacytoid Dendritic pri"
"ACC15-P9-A7"	"Naive CD4+ T pri"
"ACC15-P9-A9"	"Plasma B pri"
"ACC15-P9-B10"	"CD8+ NKT-like pri"
"ACC15-P9-B11"	"Plasmacytoid Dendritic pri"
"ACC15-P9-B12"	"Effector CD8+ T pri"
"ACC15-P9-B1"	"Effector CD8+ T pri"
"ACC15-P9-B2"	"Effector CD8+ T pri"
"ACC15-P9-B3"	"Effector CD8+ T pri"
"ACC15-P9-B4"	"Effector CD8+ T pri"
"ACC15-P9-B5"	"Plasmacytoid Dendritic pri"
"ACC15-P9-B6"	"Plasma B pri"
"ACC15-P9-B7"	"CD8+ NKT-like pri"
"ACC15-P9-B8"	"Macrophages pri"
"ACC15-P9-B9"	"Macrophages pri"
"ACC15-P9-C10"	"Plasmacytoid Dendritic pri"
"ACC15-P9-C11"	"CD8+ NKT-like pri"
"ACC15-P9-C12"	"Effector CD8+ T pri"
"ACC15-P9-C1"	"Effector CD8+ T pri"
"ACC15-P9-C2"	"Macrophages pri"
"ACC15-P9-C5"	"Naive CD4+ T pri"
"ACC15-P9-C6"	"Effector CD8+ T pri"
"ACC15-P9-C7"	"CD8+ NKT-like pri"
"ACC15-P9-C8"	"Naive CD4+ T pri"
"ACC15-P9-C9"	"Naive CD4+ T pri"
"ACC15-P9-D10"	"Basophils pri"
"ACC15-P9-D11"	"Macrophages pri"
"ACC15-P9-D12"	"CD8+ NKT-like pri"
"ACC15-P9-D1"	"Effector CD8+ T pri"
"ACC15-P9-D2"	"Effector CD8+ T pri"
"ACC15-P9-D3"	"Macrophages pri"
"ACC15-P9-D5"	"Macrophages pri"
"ACC15-P9-D6"	"Effector CD8+ T pri"
"ACC15-P9-D7"	"Basophils pri"
"ACC15-P9-D8"	"Macrophages pri"
"ACC15-P9-D9"	"Macrophages pri"
"ACC15-P9-E10"	"CD8+ NKT-like pri"
"ACC15-P9-E11"	"Effector CD8+ T pri"
"ACC15-P9-E12"	"Effector CD8+ T pri"
"ACC15-P9-E1"	"Effector CD8+ T pri"
"ACC15-P9-E2"	"Macrophages pri"
"ACC15-P9-E3"	"Effector CD8+ T pri"
"ACC15-P9-E4"	"Naive CD4+ T pri"
"ACC15-P9-E5"	"Effector CD8+ T pri"
"ACC15-P9-E7"	"CD8+ NKT-like pri"
"ACC15-P9-E8"	"Macrophages pri"
"ACC15-P9-E9"	"CD8+ NKT-like pri"
"ACC15-P9-F10"	"Macrophages pri"
"ACC15-P9-F11"	"Effector CD8+ T pri"
"ACC15-P9-F12"	"Naive CD4+ T pri"
"ACC15-P9-F1"	"Effector CD8+ T pri"
"ACC15-P9-F2"	"Effector CD8+ T pri"
"ACC15-P9-F3"	"Macrophages pri"
"ACC15-P9-F4"	"Macrophages pri"
"ACC15-P9-F5"	"Macrophages pri"
"ACC15-P9-F6"	"Plasmacytoid Dendritic pri"
"ACC15-P9-F7"	"Plasmacytoid Dendritic pri"
"ACC15-P9-F8"	"CD8+ NKT-like pri"
"ACC15-P9-F9"	"Macrophages pri"
"ACC15-P9-G10"	"Basophils pri"
"ACC15-P9-G11"	"Effector CD8+ T pri"
"ACC15-P9-G12"	"Effector CD8+ T pri"
"ACC15-P9-G1"	"Macrophages pri"
"ACC15-P9-G2"	"Macrophages pri"
"ACC15-P9-G3"	"CD8+ NKT-like pri"
"ACC15-P9-G4"	"Effector CD8+ T pri"
"ACC15-P9-G6"	"Basophils pri"
"ACC15-P9-G7"	"Naive CD4+ T pri"
"ACC15-P9-G8"	"Effector CD8+ T pri"
"ACC15-P9-G9"	"CD8+ NKT-like pri"
"ACC15-P9-H10"	"CD8+ NKT-like pri"
"ACC15-P9-H11"	"Effector CD8+ T pri"
"ACC15-P9-H12"	"Effector CD8+ T pri"
"ACC15-P9-H1"	"CD8+ NKT-like pri"
"ACC15-P9-H2"	"Plasmacytoid Dendritic pri"
"ACC15-P9-H3"	"Basophils pri"
"ACC15-P9-H4"	"Macrophages pri"
"ACC15-P9-H5"	"Effector CD8+ T pri"
"ACC15-P9-H6"	"Effector CD8+ T pri"
"ACC15-P9-H7"	"CD8+ NKT-like pri"
"ACC15-P9-H8"	"Effector CD8+ T pri"
"ACC15-P9-H9"	"CD8+ NKT-like pri"
"ACC7-P19-LN-A10"	"CD8+ NKT-like LN"
"ACC7-P19-LN-A11"	"CD8+ NKT-like LN"
"ACC7-P19-LN-A12"	"Naive CD4+ T LN"
"ACC7-P19-LN-A1"	"Naive CD4+ T LN"
"ACC7-P19-LN-A2"	"Naive CD4+ T LN"
"ACC7-P19-LN-A3"	"Naive CD4+ T LN"
"ACC7-P19-LN-A5"	"CD8+ NKT-like LN"
"ACC7-P19-LN-A7"	"Naive CD4+ T LN"
"ACC7-P19-LN-A9"	"Naive CD4+ T LN"
"ACC7-P19-LN-B10"	"CD8+ NKT-like LN"
"ACC7-P19-LN-B11"	"Naive B LN"
"ACC7-P19-LN-B12"	"Naive CD4+ T LN"
"ACC7-P19-LN-B1"	"Naive B LN"
"ACC7-P19-LN-B2"	"CD8+ NKT-like LN"
"ACC7-P19-LN-B3"	"Naive B LN"
"ACC7-P19-LN-B4"	"CD8+ NKT-like LN"
"ACC7-P19-LN-B5"	"Effector CD8+ T LN"
"ACC7-P19-LN-B6"	"Naive CD4+ T LN"
"ACC7-P19-LN-B7"	"CD8+ NKT-like LN"
"ACC7-P19-LN-B8"	"Effector CD8+ T LN"
"ACC7-P19-LN-B9"	"Naive B LN"
"ACC7-P19-LN-C10"	"CD8+ NKT-like LN"
"ACC7-P19-LN-C11"	"Naive B LN"
"ACC7-P19-LN-C12"	"Naive CD4+ T LN"
"ACC7-P19-LN-C1"	"Naive CD4+ T LN"
"ACC7-P19-LN-C2"	"Naive CD4+ T LN"
"ACC7-P19-LN-C3"	"Naive CD4+ T LN"
"ACC7-P19-LN-C4"	"Naive CD4+ T LN"
"ACC7-P19-LN-C5"	"CD8+ NKT-like LN"
"ACC7-P19-LN-C6"	"Naive B LN"
"ACC7-P19-LN-C7"	"Naive CD4+ T LN"
"ACC7-P19-LN-C8"	"Naive CD4+ T LN"
"ACC7-P19-LN-D10"	"Naive B LN"
"ACC7-P19-LN-D11"	"CD8+ NKT-like LN"
"ACC7-P19-LN-D12"	"Naive CD4+ T LN"
"ACC7-P19-LN-D1"	"Naive CD4+ T LN"
"ACC7-P19-LN-D2"	"Naive CD4+ T LN"
"ACC7-P19-LN-D3"	"CD8+ NKT-like LN"
"ACC7-P19-LN-D4"	"Naive CD4+ T LN"
"ACC7-P19-LN-D5"	"CD8+ NKT-like LN"
"ACC7-P19-LN-D6"	"Naive CD4+ T LN"
"ACC7-P19-LN-D7"	"CD8+ NKT-like LN"
"ACC7-P19-LN-D8"	"Naive CD4+ T LN"
"ACC7-P19-LN-D9"	"CD8+ NKT-like LN"
"ACC7-P19-LN-E10"	"Naive CD4+ T LN"
"ACC7-P19-LN-E11"	"CD8+ NKT-like LN"
"ACC7-P19-LN-E1"	"Naive B LN"
"ACC7-P19-LN-E2"	"Naive B LN"
"ACC7-P19-LN-E3"	"Naive B LN"
"ACC7-P19-LN-E4"	"Naive CD4+ T LN"
"ACC7-P19-LN-E5"	"Naive CD4+ T LN"
"ACC7-P19-LN-E6"	"Naive CD4+ T LN"
"ACC7-P19-LN-E7"	"CD8+ NKT-like LN"
"ACC7-P19-LN-E8"	"Naive CD4+ T LN"
"ACC7-P19-LN-E9"	"Macrophages LN"
"ACC7-P19-LN-F10"	"Naive CD4+ T LN"
"ACC7-P19-LN-F11"	"Naive B LN"
"ACC7-P19-LN-F12"	"CD8+ NKT-like LN"
"ACC7-P19-LN-F2"	"Naive B LN"
"ACC7-P19-LN-F3"	"CD8+ NKT-like LN"
"ACC7-P19-LN-F4"	"Naive CD4+ T LN"
"ACC7-P19-LN-F6"	"CD8+ NKT-like LN"
"ACC7-P19-LN-F7"	"Effector CD8+ T LN"
"ACC7-P19-LN-F8"	"Naive CD4+ T LN"
"ACC7-P19-LN-F9"	"CD8+ NKT-like LN"
"ACC7-P19-LN-G10"	"CD8+ NKT-like LN"
"ACC7-P19-LN-G11"	"Naive CD4+ T LN"
"ACC7-P19-LN-G12"	"Naive B LN"
"ACC7-P19-LN-G1"	"Naive B LN"
"ACC7-P19-LN-G2"	"Naive CD4+ T LN"
"ACC7-P19-LN-G3"	"Plasmacytoid Dendritic LN"
"ACC7-P19-LN-G4"	"Naive CD4+ T LN"
"ACC7-P19-LN-G5"	"Naive CD4+ T LN"
"ACC7-P19-LN-G6"	"Naive CD4+ T LN"
"ACC7-P19-LN-G7"	"CD8+ NKT-like LN"
"ACC7-P19-LN-G9"	"CD8+ NKT-like LN"
"ACC7-P19-LN-H10"	"Effector CD8+ T LN"
"ACC7-P19-LN-H11"	"Naive CD4+ T LN"
"ACC7-P19-LN-H12"	"Naive B LN"
"ACC7-P19-LN-H1"	"CD8+ NKT-like LN"
"ACC7-P19-LN-H2"	"Naive CD4+ T LN"
"ACC7-P19-LN-H3"	"Plasmacytoid Dendritic LN"
"ACC7-P19-LN-H4"	"CD8+ NKT-like LN"
"ACC7-P19-LN-H5"	"Naive B LN"
"ACC7-P19-LN-H6"	"Naive CD4+ T LN"
"ACC7-P19-LN-H7"	"Naive CD4+ T LN"
"ACC7-P19-LN-H8"	"Naive CD4+ T LN"
"ACC7-P19-LN-H9"	"Naive B LN"
"ACC15-P10-A11"	"CD8+ NKT-like pri"
"ACC15-P10-A12"	"Effector CD8+ T pri"
"ACC15-P10-A1"	"Effector CD8+ T pri"
"ACC15-P10-A2"	"CD8+ NKT-like pri"
"ACC15-P10-A3"	"Effector CD8+ T pri"
"ACC15-P10-A4"	"Macrophages pri"
"ACC15-P10-A5"	"CD8+ NKT-like pri"
"ACC15-P10-A7"	"Effector CD8+ T pri"
"ACC15-P10-A8"	"Effector CD8+ T pri"
"ACC15-P10-A9"	"Effector CD8+ T pri"
"ACC15-P10-B10"	"Naive CD4+ T pri"
"ACC15-P10-B11"	"Effector CD8+ T pri"
"ACC15-P10-B1"	"CD8+ NKT-like pri"
"ACC15-P10-B2"	"Macrophages pri"
"ACC15-P10-B3"	"Effector CD8+ T pri"
"ACC15-P10-B4"	"Naive CD4+ T pri"
"ACC15-P10-B5"	"Basophils pri"
"ACC15-P10-B6"	"Effector CD8+ T pri"
"ACC15-P10-B7"	"Naive CD4+ T pri"
"ACC15-P10-B8"	"CD8+ NKT-like pri"
"ACC15-P10-B9"	"Macrophages pri"
"ACC15-P10-C10"	"Macrophages pri"
"ACC15-P10-C11"	"CD8+ NKT-like pri"
"ACC15-P10-C12"	"Macrophages pri"
"ACC15-P10-C1"	"Effector CD8+ T pri"
"ACC15-P10-C2"	"CD8+ NKT-like pri"
"ACC15-P10-C3"	"Effector CD8+ T pri"
"ACC15-P10-C4"	"CD8+ NKT-like pri"
"ACC15-P10-C5"	"Effector CD8+ T pri"
"ACC15-P10-C6"	"Effector CD8+ T pri"
"ACC15-P10-C7"	"Plasmacytoid Dendritic pri"
"ACC15-P10-C9"	"Naive CD4+ T pri"
"ACC15-P10-D10"	"Macrophages pri"
"ACC15-P10-D11"	"CD8+ NKT-like pri"
"ACC15-P10-D12"	"Naive CD4+ T pri"
"ACC15-P10-D1"	"Macrophages pri"
"ACC15-P10-D3"	"Macrophages pri"
"ACC15-P10-D4"	"Effector CD8+ T pri"
"ACC15-P10-D5"	"Plasmacytoid Dendritic pri"
"ACC15-P10-D6"	"Effector CD8+ T pri"
"ACC15-P10-D9"	"Plasma B pri"
"ACC15-P10-E10"	"Effector CD8+ T pri"
"ACC15-P10-E11"	"CD8+ NKT-like pri"
"ACC15-P10-E12"	"CD8+ NKT-like pri"
"ACC15-P10-E1"	"Effector CD8+ T pri"
"ACC15-P10-E3"	"Macrophages pri"
"ACC15-P10-E4"	"Effector CD8+ T pri"
"ACC15-P10-E5"	"Basophils pri"
"ACC15-P10-E6"	"CD8+ NKT-like pri"
"ACC15-P10-E7"	"Basophils pri"
"ACC15-P10-E8"	"Effector CD8+ T pri"
"ACC15-P10-E9"	"CD8+ NKT-like pri"
"ACC15-P10-F10"	"Macrophages pri"
"ACC15-P10-F11"	"Plasmacytoid Dendritic pri"
"ACC15-P10-F12"	"Naive CD4+ T pri"
"ACC15-P10-F1"	"Naive CD4+ T pri"
"ACC15-P10-F2"	"CD8+ NKT-like pri"
"ACC15-P10-F3"	"Naive CD4+ T pri"
"ACC15-P10-F4"	"Naive CD4+ T pri"
"ACC15-P10-F5"	"Effector CD8+ T pri"
"ACC15-P10-F6"	"Naive CD4+ T pri"
"ACC15-P10-F7"	"Naive CD4+ T pri"
"ACC15-P10-F9"	"Effector CD8+ T pri"
"ACC15-P10-G10"	"Macrophages pri"
"ACC15-P10-G11"	"Plasmacytoid Dendritic pri"
"ACC15-P10-G12"	"Effector CD8+ T pri"
"ACC15-P10-G1"	"Basophils pri"
"ACC15-P10-G2"	"Macrophages pri"
"ACC15-P10-G3"	"Macrophages pri"
"ACC15-P10-G4"	"Plasmacytoid Dendritic pri"
"ACC15-P10-G5"	"Naive CD4+ T pri"
"ACC15-P10-G6"	"CD8+ NKT-like pri"
"ACC15-P10-G7"	"CD8+ NKT-like pri"
"ACC15-P10-G8"	"Macrophages pri"
"ACC15-P10-G9"	"Naive CD4+ T pri"
"ACC15-P10-H10"	"CD8+ NKT-like pri"
"ACC15-P10-H11"	"Macrophages pri"
"ACC15-P10-H12"	"CD8+ NKT-like pri"
"ACC15-P10-H1"	"Effector CD8+ T pri"
"ACC15-P10-H2"	"Naive B pri"
"ACC15-P10-H3"	"CD8+ NKT-like pri"
"ACC15-P10-H4"	"Effector CD8+ T pri"
"ACC15-P10-H5"	"Macrophages pri"
"ACC15-P10-H6"	"CD8+ NKT-like pri"
"ACC15-P10-H7"	"Effector CD8+ T pri"
"ACC15-P10-H8"	"Naive CD4+ T pri"
"ACC15-P10-H9"	"Naive CD4+ T pri"
"ACC7-LN-P20-A10"	"Naive B LN"
"ACC7-LN-P20-A11"	"Naive B LN"
"ACC7-LN-P20-A12"	"Effector CD8+ T LN"
"ACC7-LN-P20-A1"	"Naive CD4+ T LN"
"ACC7-LN-P20-A2"	"Naive CD4+ T LN"
"ACC7-LN-P20-A4"	"Naive CD4+ T LN"
"ACC7-LN-P20-A5"	"Naive CD4+ T LN"
"ACC7-LN-P20-A6"	"CD8+ NKT-like LN"
"ACC7-LN-P20-A7"	"Naive CD4+ T LN"
"ACC7-LN-P20-A8"	"Naive CD4+ T LN"
"ACC7-LN-P20-A9"	"Effector CD8+ T LN"
"ACC7-LN-P20-B10"	"Naive CD4+ T LN"
"ACC7-LN-P20-B11"	"Naive CD4+ T LN"
"ACC7-LN-P20-B12"	"CD8+ NKT-like LN"
"ACC7-LN-P20-B1"	"Naive CD4+ T LN"
"ACC7-LN-P20-B2"	"CD8+ NKT-like LN"
"ACC7-LN-P20-B3"	"Naive CD4+ T LN"
"ACC7-LN-P20-B4"	"CD8+ NKT-like LN"
"ACC7-LN-P20-B5"	"Naive B LN"
"ACC7-LN-P20-B6"	"CD8+ NKT-like LN"
"ACC7-LN-P20-B7"	"Naive CD4+ T LN"
"ACC7-LN-P20-B8"	"CD8+ NKT-like LN"
"ACC7-LN-P20-B9"	"Naive CD4+ T LN"
"ACC7-LN-P20-C10"	"CD8+ NKT-like LN"
"ACC7-LN-P20-C11"	"Naive B LN"
"ACC7-LN-P20-C12"	"Naive B LN"
"ACC7-LN-P20-C1"	"CD8+ NKT-like LN"
"ACC7-LN-P20-C2"	"Naive CD4+ T LN"
"ACC7-LN-P20-C3"	"Naive CD4+ T LN"
"ACC7-LN-P20-C4"	"CD8+ NKT-like LN"
"ACC7-LN-P20-C5"	"Naive CD4+ T LN"
"ACC7-LN-P20-C6"	"Naive B LN"
"ACC7-LN-P20-C7"	"Naive B LN"
"ACC7-LN-P20-C8"	"Naive B LN"
"ACC7-LN-P20-C9"	"Naive CD4+ T LN"
"ACC7-LN-P20-D10"	"Naive CD4+ T LN"
"ACC7-LN-P20-D11"	"Naive B LN"
"ACC7-LN-P20-D12"	"CD8+ NKT-like LN"
"ACC7-LN-P20-D1"	"Naive B LN"
"ACC7-LN-P20-D2"	"Naive B LN"
"ACC7-LN-P20-D3"	"Naive CD4+ T LN"
"ACC7-LN-P20-D4"	"CD8+ NKT-like LN"
"ACC7-LN-P20-D5"	"Naive B LN"
"ACC7-LN-P20-D6"	"Effector CD8+ T LN"
"ACC7-LN-P20-D7"	"Naive B LN"
"ACC7-LN-P20-D8"	"Naive B LN"
"ACC7-LN-P20-D9"	"CD8+ NKT-like LN"
"ACC7-LN-P20-E10"	"CD8+ NKT-like LN"
"ACC7-LN-P20-E11"	"CD8+ NKT-like LN"
"ACC7-LN-P20-E12"	"Naive B LN"
"ACC7-LN-P20-E1"	"Macrophages LN"
"ACC7-LN-P20-E2"	"Naive CD4+ T LN"
"ACC7-LN-P20-E3"	"Naive CD4+ T LN"
"ACC7-LN-P20-E4"	"Plasmacytoid Dendritic LN"
"ACC7-LN-P20-E5"	"CD8+ NKT-like LN"
"ACC7-LN-P20-E6"	"Naive CD4+ T LN"
"ACC7-LN-P20-E7"	"CD8+ NKT-like LN"
"ACC7-LN-P20-E8"	"Naive CD4+ T LN"
"ACC7-LN-P20-E9"	"Plasmacytoid Dendritic LN"
"ACC7-LN-P20-F10"	"Naive B LN"
"ACC7-LN-P20-F11"	"Naive CD4+ T LN"
"ACC7-LN-P20-F12"	"CD8+ NKT-like LN"
"ACC7-LN-P20-F1"	"Naive B LN"
"ACC7-LN-P20-F2"	"Naive B LN"
"ACC7-LN-P20-F3"	"CD8+ NKT-like LN"
"ACC7-LN-P20-F4"	"Naive CD4+ T LN"
"ACC7-LN-P20-F5"	"CD8+ NKT-like LN"
"ACC7-LN-P20-F6"	"CD8+ NKT-like LN"
"ACC7-LN-P20-F7"	"Naive CD4+ T LN"
"ACC7-LN-P20-F8"	"Naive CD4+ T LN"
"ACC7-LN-P20-F9"	"Naive CD4+ T LN"
"ACC7-LN-P20-G10"	"Naive CD4+ T LN"
"ACC7-LN-P20-G11"	"Naive B LN"
"ACC7-LN-P20-G12"	"Plasmacytoid Dendritic LN"
"ACC7-LN-P20-G1"	"CD8+ NKT-like LN"
"ACC7-LN-P20-G2"	"Plasmacytoid Dendritic LN"
"ACC7-LN-P20-G3"	"Naive CD4+ T LN"
"ACC7-LN-P20-G4"	"Naive CD4+ T LN"
"ACC7-LN-P20-G5"	"Macrophages LN"
"ACC7-LN-P20-G6"	"Neutrophils LN"
"ACC7-LN-P20-G7"	"Plasmacytoid Dendritic LN"
"ACC7-LN-P20-G8"	"Naive CD4+ T LN"
"ACC7-LN-P20-G9"	"Naive CD4+ T LN"
"ACC7-LN-P20-H10"	"CD8+ NKT-like LN"
"ACC7-LN-P20-H11"	"Naive CD4+ T LN"
"ACC7-LN-P20-H12"	"CD8+ NKT-like LN"
"ACC7-LN-P20-H1"	"Naive B LN"
"ACC7-LN-P20-H2"	"Naive B LN"
"ACC7-LN-P20-H3"	"CD8+ NKT-like LN"
"ACC7-LN-P20-H4"	"CD8+ NKT-like LN"
"ACC7-LN-P20-H5"	"Naive CD4+ T LN"
"ACC7-LN-P20-H6"	"Naive CD4+ T LN"
"ACC7-LN-P20-H7"	"Effector CD8+ T LN"
"ACC7-LN-P20-H8"	"Naive CD4+ T LN"
"ACC7-LN-P20-H9"	"CD8+ NKT-like LN"
"ACC7-P8-A10"	"Effector CD8+ T pri"
"ACC7-P8-A11"	"CD8+ NKT-like pri"
"ACC7-P8-A12"	"Neutrophils pri"
"ACC7-P8-A1"	"CD8+ NKT-like pri"
"ACC7-P8-A2"	"CD8+ NKT-like pri"
"ACC7-P8-A3"	"Plasma B pri"
"ACC7-P8-A4"	"CD8+ NKT-like pri"
"ACC7-P8-A6"	"CD8+ NKT-like pri"
"ACC7-P8-A7"	"Naive CD4+ T pri"
"ACC7-P8-A8"	"Macrophages pri"
"ACC7-P8-B10"	"CD8+ NKT-like pri"
"ACC7-P8-B11"	"CD8+ NKT-like pri"
"ACC7-P8-B12"	"Plasmacytoid Dendritic pri"
"ACC7-P8-B1"	"CD8+ NKT-like pri"
"ACC7-P8-B2"	"Naive CD4+ T pri"
"ACC7-P8-B3"	"Naive CD4+ T pri"
"ACC7-P8-B4"	"Effector CD8+ T pri"
"ACC7-P8-B5"	"Macrophages pri"
"ACC7-P8-B6"	"Naive CD4+ T pri"
"ACC7-P8-B7"	"Plasmacytoid Dendritic pri"
"ACC7-P8-B8"	"Basophils pri"
"ACC7-P8-B9"	"Effector CD8+ T pri"
"ACC7-P8-C10"	"Naive B pri"
"ACC7-P8-C11"	"Macrophages pri"
"ACC7-P8-C12"	"Basophils pri"
"ACC7-P8-C1"	"CD8+ NKT-like pri"
"ACC7-P8-C2"	"Basophils pri"
"ACC7-P8-C4"	"Naive CD4+ T pri"
"ACC7-P8-C5"	"Macrophages pri"
"ACC7-P8-C6"	"Naive CD4+ T pri"
"ACC7-P8-C7"	"Basophils pri"
"ACC7-P8-C9"	"CD8+ NKT-like pri"
"ACC7-P8-D10"	"Naive CD4+ T pri"
"ACC7-P8-D11"	"Effector CD8+ T pri"
"ACC7-P8-D12"	"Plasmacytoid Dendritic pri"
"ACC7-P8-D1"	"CD8+ NKT-like pri"
"ACC7-P8-D2"	"CD8+ NKT-like pri"
"ACC7-P8-D3"	"CD8+ NKT-like pri"
"ACC7-P8-D4"	"CD8+ NKT-like pri"
"ACC7-P8-D5"	"Naive CD4+ T pri"
"ACC7-P8-D6"	"CD8+ NKT-like pri"
"ACC7-P8-D7"	"CD8+ NKT-like pri"
"ACC7-P8-D8"	"CD8+ NKT-like pri"
"ACC7-P8-D9"	"CD8+ NKT-like pri"
"ACC7-P8-E10"	"CD8+ NKT-like pri"
"ACC7-P8-E11"	"Naive B pri"
"ACC7-P8-E12"	"CD8+ NKT-like pri"
"ACC7-P8-E1"	"Effector CD8+ T pri"
"ACC7-P8-E2"	"Plasma B pri"
"ACC7-P8-E4"	"CD8+ NKT-like pri"
"ACC7-P8-E6"	"CD8+ NKT-like pri"
"ACC7-P8-E7"	"Plasmacytoid Dendritic pri"
"ACC7-P8-E8"	"Plasmacytoid Dendritic pri"
"ACC7-P8-E9"	"CD8+ NKT-like pri"
"ACC7-P8-F10"	"CD8+ NKT-like pri"
"ACC7-P8-F11"	"CD8+ NKT-like pri"
"ACC7-P8-F12"	"Naive CD4+ T pri"
"ACC7-P8-F1"	"Effector CD8+ T pri"
"ACC7-P8-F2"	"Naive CD4+ T pri"
"ACC7-P8-F3"	"Effector CD8+ T pri"
"ACC7-P8-F4"	"CD8+ NKT-like pri"
"ACC7-P8-F5"	"CD8+ NKT-like pri"
"ACC7-P8-F6"	"CD8+ NKT-like pri"
"ACC7-P8-F8"	"Naive CD4+ T pri"
"ACC7-P8-F9"	"CD8+ NKT-like pri"
"ACC7-P8-G10"	"Effector CD8+ T pri"
"ACC7-P8-G12"	"CD8+ NKT-like pri"
"ACC7-P8-G1"	"CD8+ NKT-like pri"
"ACC7-P8-G2"	"CD8+ NKT-like pri"
"ACC7-P8-G3"	"CD8+ NKT-like pri"
"ACC7-P8-G4"	"CD8+ NKT-like pri"
"ACC7-P8-G5"	"Basophils pri"
"ACC7-P8-G6"	"Plasma B pri"
"ACC7-P8-G7"	"CD8+ NKT-like pri"
"ACC7-P8-G8"	"CD8+ NKT-like pri"
"ACC7-P8-G9"	"Naive CD4+ T pri"
"ACC7-P8-H10"	"Effector CD8+ T pri"
"ACC7-P8-H1"	"CD8+ NKT-like pri"
"ACC7-P8-H2"	"CD8+ NKT-like pri"
"ACC7-P8-H3"	"Naive CD4+ T pri"
"ACC7-P8-H4"	"CD8+ NKT-like pri"
"ACC7-P8-H5"	"CD8+ NKT-like pri"
"ACC7-P8-H6"	"CD8+ NKT-like pri"
"ACC7-P8-H7"	"CD8+ NKT-like pri"
"ACC7-P8-H8"	"CD8+ NKT-like pri"
"ACC7-P8-H9"	"Effector CD8+ T pri"
"ACC7-P9-A10"	"Naive CD4+ T pri"
"ACC7-P9-A11"	"CD8+ NKT-like pri"
"ACC7-P9-A12"	"Macrophages pri"
"ACC7-P9-A1"	"CD8+ NKT-like pri"
"ACC7-P9-A2"	"CD8+ NKT-like pri"
"ACC7-P9-A3"	"Macrophages pri"
"ACC7-P9-A5"	"CD8+ NKT-like pri"
"ACC7-P9-A6"	"CD8+ NKT-like pri"
"ACC7-P9-A7"	"CD8+ NKT-like pri"
"ACC7-P9-A8"	"Naive CD4+ T pri"
"ACC7-P9-A9"	"Effector CD8+ T pri"
"ACC7-P9-B10"	"Naive CD4+ T pri"
"ACC7-P9-B11"	"CD8+ NKT-like pri"
"ACC7-P9-B12"	"CD8+ NKT-like pri"
"ACC7-P9-B1"	"CD8+ NKT-like pri"
"ACC7-P9-B2"	"CD8+ NKT-like pri"
"ACC7-P9-B3"	"Effector CD8+ T pri"
"ACC7-P9-B4"	"Naive CD4+ T pri"
"ACC7-P9-B5"	"CD8+ NKT-like pri"
"ACC7-P9-B6"	"Macrophages pri"
"ACC7-P9-B7"	"CD8+ NKT-like pri"
"ACC7-P9-B8"	"CD8+ NKT-like pri"
"ACC7-P9-B9"	"Naive CD4+ T pri"
"ACC7-P9-C10"	"Macrophages pri"
"ACC7-P9-C11"	"CD8+ NKT-like pri"
"ACC7-P9-C12"	"CD8+ NKT-like pri"
"ACC7-P9-C1"	"CD8+ NKT-like pri"
"ACC7-P9-C2"	"Effector CD8+ T pri"
"ACC7-P9-C3"	"CD8+ NKT-like pri"
"ACC7-P9-C4"	"CD8+ NKT-like pri"
"ACC7-P9-C5"	"CD8+ NKT-like pri"
"ACC7-P9-C6"	"CD8+ NKT-like pri"
"ACC7-P9-C7"	"Basophils pri"
"ACC7-P9-C8"	"CD8+ NKT-like pri"
"ACC7-P9-C9"	"CD8+ NKT-like pri"
"ACC7-P9-D10"	"Plasmacytoid Dendritic pri"
"ACC7-P9-D11"	"CD8+ NKT-like pri"
"ACC7-P9-D12"	"Basophils pri"
"ACC7-P9-D1"	"Naive CD4+ T pri"
"ACC7-P9-D3"	"CD8+ NKT-like pri"
"ACC7-P9-D4"	"CD8+ NKT-like pri"
"ACC7-P9-D5"	"CD8+ NKT-like pri"
"ACC7-P9-D6"	"CD8+ NKT-like pri"
"ACC7-P9-D8"	"Macrophages pri"
"ACC7-P9-D9"	"Naive CD4+ T pri"
"ACC7-P9-E10"	"CD8+ NKT-like pri"
"ACC7-P9-E11"	"CD8+ NKT-like pri"
"ACC7-P9-E12"	"CD8+ NKT-like pri"
"ACC7-P9-E1"	"Effector CD8+ T pri"
"ACC7-P9-E2"	"CD8+ NKT-like pri"
"ACC7-P9-E3"	"CD8+ NKT-like pri"
"ACC7-P9-E4"	"Effector CD8+ T pri"
"ACC7-P9-E6"	"Naive CD4+ T pri"
"ACC7-P9-E7"	"Naive CD4+ T pri"
"ACC7-P9-E8"	"CD8+ NKT-like pri"
"ACC7-P9-E9"	"CD8+ NKT-like pri"
"ACC7-P9-F10"	"CD8+ NKT-like pri"
"ACC7-P9-F11"	"CD8+ NKT-like pri"
"ACC7-P9-F12"	"CD8+ NKT-like pri"
"ACC7-P9-F1"	"Naive CD4+ T pri"
"ACC7-P9-F2"	"Effector CD8+ T pri"
"ACC7-P9-F3"	"CD8+ NKT-like pri"
"ACC7-P9-F4"	"CD8+ NKT-like pri"
"ACC7-P9-F5"	"Effector CD8+ T pri"
"ACC7-P9-F7"	"Naive CD4+ T pri"
"ACC7-P9-F8"	"CD8+ NKT-like pri"
"ACC7-P9-F9"	"CD8+ NKT-like pri"
"ACC7-P9-G10"	"CD8+ NKT-like pri"
"ACC7-P9-G11"	"CD8+ NKT-like pri"
"ACC7-P9-G12"	"Plasma B pri"
"ACC7-P9-G1"	"CD8+ NKT-like pri"
"ACC7-P9-G3"	"Plasma B pri"
"ACC7-P9-G4"	"Effector CD8+ T pri"
"ACC7-P9-G5"	"CD8+ NKT-like pri"
"ACC7-P9-G6"	"CD8+ NKT-like pri"
"ACC7-P9-G7"	"CD8+ NKT-like pri"
"ACC7-P9-G8"	"CD8+ NKT-like pri"
"ACC7-P9-G9"	"Naive CD4+ T pri"
"ACC7-P9-H11"	"CD8+ NKT-like pri"
"ACC7-P9-H12"	"CD8+ NKT-like pri"
"ACC7-P9-H1"	"Naive CD4+ T pri"
"ACC7-P9-H2"	"CD8+ NKT-like pri"
"ACC7-P9-H3"	"CD8+ NKT-like pri"
"ACC7-P9-H4"	"Naive B pri"
"ACC7-P9-H6"	"Effector CD8+ T pri"
"ACC7-P9-H7"	"CD8+ NKT-like pri"
"ACC7-P9-H9"	"Naive CD4+ T pri"
"ACC2-P10-A7"	"Plasmacytoid Dendritic pri"
"ACC2-P10-A8"	"Neutrophils pri"
"ACC2-P10-B11"	"Plasmacytoid Dendritic pri"
"ACC2-P10-B6"	"Neutrophils pri"
"ACC2-P10-C5"	"Neutrophils pri"
"ACC2-P10-F11"	"Neutrophils pri"
"ACC2-P10-F7"	"Neutrophils pri"
"ACC2-P10-G12"	"Plasmacytoid Dendritic pri"
"ACC2-P10-G4"	"Neutrophils pri"
"ACC2-P10-G5"	"Plasmacytoid Dendritic pri"
"ACC2-P10-G8"	"Macrophages pri"
"ACC2-P10-H3"	"Neutrophils pri"
"ACC2-P10-H7"	"Neutrophils pri"
"ACC2-P9-A10"	"Neutrophils pri"
"ACC2-P9-A5"	"Neutrophils pri"
"ACC2-P9-C2"	"Neutrophils pri"
"ACC2-P9-C7"	"Neutrophils pri"
"ACC2-P9-D5"	"Neutrophils pri"
"ACC2-P9-E10"	"Neutrophils pri"
"ACC2-P9-E2"	"Neutrophils pri"
"ACC2-P9-E3"	"Plasmacytoid Dendritic pri"
"ACC2-P9-E4"	"Neutrophils pri"
"ACC2-P9-E9"	"Neutrophils pri"
"ACC2-P9-F6"	"Neutrophils pri"
"ACC2-P9-G9"	"Plasmacytoid Dendritic pri"
"ACC5-P10-A10"	"CD8+ NKT-like pri"
"ACC5-P10-A11"	"Plasmacytoid Dendritic pri"
"ACC5-P10-A12"	"Neutrophils pri"
"ACC5-P10-A1"	"Naive CD4+ T pri"
"ACC5-P10-A3"	"Macrophages pri"
"ACC5-P10-A5"	"Macrophages pri"
"ACC5-P10-A6"	"CD8+ NKT-like pri"
"ACC5-P10-A7"	"Macrophages pri"
"ACC5-P10-A8"	"Macrophages pri"
"ACC5-P10-A9"	"Neutrophils pri"
"ACC5-P10-B10"	"Neutrophils pri"
"ACC5-P10-B11"	"Macrophages pri"
"ACC5-P10-B12"	"Macrophages pri"
"ACC5-P10-B1"	"Macrophages pri"
"ACC5-P10-B4"	"CD8+ NKT-like pri"
"ACC5-P10-B5"	"Macrophages pri"
"ACC5-P10-B6"	"Naive CD4+ T pri"
"ACC5-P10-B7"	"Effector CD8+ T pri"
"ACC5-P10-B8"	"Macrophages pri"
"ACC5-P10-B9"	"Macrophages pri"
"ACC5-P10-C10"	"CD8+ NKT-like pri"
"ACC5-P10-C11"	"Macrophages pri"
"ACC5-P10-C12"	"CD8+ NKT-like pri"
"ACC5-P10-C1"	"Naive CD4+ T pri"
"ACC5-P10-C2"	"Macrophages pri"
"ACC5-P10-C3"	"Neutrophils pri"
"ACC5-P10-C4"	"CD8+ NKT-like pri"
"ACC5-P10-C6"	"Macrophages pri"
"ACC5-P10-C7"	"Macrophages pri"
"ACC5-P10-C8"	"Naive CD4+ T pri"
"ACC5-P10-C9"	"Macrophages pri"
"ACC5-P10-D10"	"Macrophages pri"
"ACC5-P10-D11"	"Neutrophils pri"
"ACC5-P10-D12"	"Neutrophils pri"
"ACC5-P10-D1"	"Macrophages pri"
"ACC5-P10-D2"	"Macrophages pri"
"ACC5-P10-D3"	"CD8+ NKT-like pri"
"ACC5-P10-D4"	"Macrophages pri"
"ACC5-P10-D5"	"Macrophages pri"
"ACC5-P10-D6"	"Macrophages pri"
"ACC5-P10-D7"	"Neutrophils pri"
"ACC5-P10-D8"	"Neutrophils pri"
"ACC5-P10-E10"	"Macrophages pri"
"ACC5-P10-E11"	"Macrophages pri"
"ACC5-P10-E12"	"Macrophages pri"
"ACC5-P10-E1"	"Neutrophils pri"
"ACC5-P10-E2"	"CD8+ NKT-like pri"
"ACC5-P10-E3"	"Naive CD4+ T pri"
"ACC5-P10-E4"	"Macrophages pri"
"ACC5-P10-E5"	"CD8+ NKT-like pri"
"ACC5-P10-E6"	"Macrophages pri"
"ACC5-P10-E7"	"Neutrophils pri"
"ACC5-P10-E8"	"Macrophages pri"
"ACC5-P10-E9"	"Neutrophils pri"
"ACC5-P10-F10"	"Naive CD4+ T pri"
"ACC5-P10-F11"	"Macrophages pri"
"ACC5-P10-F12"	"Macrophages pri"
"ACC5-P10-F2"	"Neutrophils pri"
"ACC5-P10-F3"	"Plasmacytoid Dendritic pri"
"ACC5-P10-F4"	"Naive CD4+ T pri"
"ACC5-P10-F5"	"Macrophages pri"
"ACC5-P10-F7"	"Neutrophils pri"
"ACC5-P10-F8"	"Macrophages pri"
"ACC5-P10-F9"	"Neutrophils pri"
"ACC5-P10-G11"	"Plasmacytoid Dendritic pri"
"ACC5-P10-G12"	"Neutrophils pri"
"ACC5-P10-G1"	"Macrophages pri"
"ACC5-P10-G2"	"Macrophages pri"
"ACC5-P10-G3"	"Plasmacytoid Dendritic pri"
"ACC5-P10-G4"	"Plasmacytoid Dendritic pri"
"ACC5-P10-G6"	"CD8+ NKT-like pri"
"ACC5-P10-G7"	"Naive CD4+ T pri"
"ACC5-P10-G8"	"Macrophages pri"
"ACC5-P10-G9"	"Neutrophils pri"
"ACC5-P10-H10"	"Naive CD4+ T pri"
"ACC5-P10-H11"	"Macrophages pri"
"ACC5-P10-H12"	"Neutrophils pri"
"ACC5-P10-H1"	"Macrophages pri"
"ACC5-P10-H2"	"Macrophages pri"
"ACC5-P10-H3"	"Macrophages pri"
"ACC5-P10-H4"	"Macrophages pri"
"ACC5-P10-H5"	"Neutrophils pri"
"ACC5-P10-H6"	"Neutrophils pri"
"ACC5-P10-H8"	"Neutrophils pri"
"ACC15-P5-B9"	"Plasma B pri"
"ACC15-P5-E12"	"Basophils pri"
"ACC19-Plate1-F2"	"Plasma B pri"
"ACC22-LN-P11-A10"	"Myeloid Dendritic LN"
"ACC22-LN-P11-A8"	"Plasma B LN"
"ACC22-LN-P11-B11"	"Myeloid Dendritic LN"
"ACC22-LN-P11-B12"	"Myeloid Dendritic LN"
"ACC22-LN-P11-C3"	"Myeloid Dendritic LN"
"ACC22-LN-P11-D11"	"Basophils LN"
"ACC22-LN-P11-D4"	"Myeloid Dendritic LN"
"ACC22-LN-P11-E2"	"Myeloid Dendritic LN"
"ACC22-LN-P11-E3"	"Plasma B LN"
"ACC22-LN-P11-F12"	"Myeloid Dendritic LN"
"ACC22-LN-P11-G3"	"Myeloid Dendritic LN"
"ACC22-LN-P11-G7"	"Plasma B LN"
"ACC22-LN-P11-G8"	"Plasma B LN"
"ACC22-LN-P11-H12"	"Myeloid Dendritic LN"
"ACC22-LN-P11-H7"	"Plasma B LN"
"ACC22-P12-LN-A1"	"Myeloid Dendritic LN"
"ACC22-P12-LN-A10"	"Plasma B LN"
"ACC22-P12-LN-A11"	"Plasma B LN"
"ACC22-P12-LN-A9"	"Myeloid Dendritic LN"
"ACC22-P12-LN-B6"	"Myeloid Dendritic LN"
"ACC22-P12-LN-B9"	"Myeloid Dendritic LN"
"ACC22-P12-LN-C2"	"Plasma B LN"
"ACC22-P12-LN-C5"	"Myeloid Dendritic LN"
"ACC22-P12-LN-C7"	"Myeloid Dendritic LN"
"ACC22-P12-LN-C9"	"Plasma B LN"
"ACC22-P12-LN-D12"	"Plasma B LN"
"ACC22-P12-LN-E1"	"Plasma B LN"
"ACC22-P12-LN-E8"	"Plasma B LN"
"ACC22-P12-LN-E9"	"Myeloid Dendritic LN"
"ACC22-P12-LN-F12"	"Plasma B LN"
"ACC22-P12-LN-G11"	"Plasma B LN"
"ACC22-P12-LN-H10"	"Myeloid Dendritic LN"
"ACC22-P12-LN-H3"	"Macrophages LN"
"ACC22-Pri-P2-D4"	"Plasmacytoid Dendritic pri"
"ACC7-P7-H6"	"Plasma B pri"
"ACC7-Plate3-C11"	"Plasma B pri"
"ACC22-P18-LN-E8"	"CAF LN"
"ACC22-P8-H4"	"CAF pri"
"ACC22-P9-A12"	"CAF pri"
"ACC22-P9-G12"	"CAF pri"
"ACC15-P9-G5"	"CAF pri"
"ACC7-P19-LN-A4"	"CAF LN"
"ACC15-P10-E2"	"CAF pri"
"ACC7-P8-C3"	"CAF pri"
"ACC7-P8-C8"	"CAF pri"
"ACC7-P8-E3"	"CAF pri"
"ACC7-P8-E5"	"CAF pri"
"ACC7-P8-F7"	"CAF pri"
"ACC7-P8-G11"	"CAF pri"
"ACC7-P8-H12"	"CAF pri"
"ACC7-P9-A4"	"CAF pri"
"ACC7-P9-D2"	"CAF pri"
"ACC7-P9-D7"	"CAF pri"
"ACC7-P9-E5"	"CAF pri"
"ACC7-P9-G2"	"CAF pri"
"ACC7-P9-H5"	"CAF pri"
"ACC7-P9-H8"	"CAF pri"
"ACC2-P10-A10"	"CAF pri"
"ACC2-P10-A3"	"CAF pri"
"ACC2-P10-A5"	"CAF pri"
"ACC2-P10-A6"	"CAF pri"
"ACC2-P10-A9"	"CAF pri"
"ACC2-P10-B10"	"CAF pri"
"ACC2-P10-B12"	"CAF pri"
"ACC2-P10-B3"	"CAF pri"
"ACC2-P10-B4"	"CAF pri"
"ACC2-P10-B5"	"CAF pri"
"ACC2-P10-B8"	"CAF pri"
"ACC2-P10-C2"	"CAF pri"
"ACC2-P10-C4"	"CAF pri"
"ACC2-P10-C6"	"CAF pri"
"ACC2-P10-C7"	"CAF pri"
"ACC2-P10-C8"	"CAF pri"
"ACC2-P10-C9"	"CAF pri"
"ACC2-P10-D11"	"CAF pri"
"ACC2-P10-D12"	"CAF pri"
"ACC2-P10-D1"	"CAF pri"
"ACC2-P10-D2"	"CAF pri"
"ACC2-P10-D4"	"CAF pri"
"ACC2-P10-D5"	"CAF pri"
"ACC2-P10-D7"	"CAF pri"
"ACC2-P10-E10"	"CAF pri"
"ACC2-P10-E11"	"CAF pri"
"ACC2-P10-E12"	"CAF pri"
"ACC2-P10-E2"	"CAF pri"
"ACC2-P10-E6"	"CAF pri"
"ACC2-P10-E7"	"CAF pri"
"ACC2-P10-F2"	"CAF pri"
"ACC2-P10-F3"	"CAF pri"
"ACC2-P10-F4"	"CAF pri"
"ACC2-P10-F5"	"CAF pri"
"ACC2-P10-G3"	"CAF pri"
"ACC2-P10-G6"	"CAF pri"
"ACC2-P10-G9"	"CAF pri"
"ACC2-P10-H10"	"CAF pri"
"ACC2-P10-H12"	"CAF pri"
"ACC2-P10-H1"	"CAF pri"
"ACC2-P10-H5"	"CAF pri"
"ACC2-P10-H6"	"CAF pri"
"ACC2-P10-H8"	"CAF pri"
"ACC2-P8-A10"	"CAF pri"
"ACC2-P8-A11"	"CAF pri"
"ACC2-P8-A1"	"CAF pri"
"ACC2-P8-A3"	"CAF pri"
"ACC2-P8-A4"	"CAF pri"
"ACC2-P8-A5"	"CAF pri"
"ACC2-P8-A8"	"CAF pri"
"ACC2-P8-B1"	"CAF pri"
"ACC2-P8-B6"	"CAF pri"
"ACC2-P8-B7"	"CAF pri"
"ACC2-P8-B9"	"CAF pri"
"ACC2-P8-C10"	"CAF pri"
"ACC2-P8-C12"	"CAF pri"
"ACC2-P8-C5"	"CAF pri"
"ACC2-P8-C6"	"CAF pri"
"ACC2-P8-D10"	"CAF pri"
"ACC2-P8-D12"	"CAF pri"
"ACC2-P8-D4"	"CAF pri"
"ACC2-P8-D5"	"CAF pri"
"ACC2-P8-D6"	"CAF pri"
"ACC2-P8-D8"	"CAF pri"
"ACC2-P8-E12"	"CAF pri"
"ACC2-P8-E3"	"CAF pri"
"ACC2-P8-E4"	"CAF pri"
"ACC2-P8-E6"	"CAF pri"
"ACC2-P8-E7"	"CAF pri"
"ACC2-P8-E9"	"CAF pri"
"ACC2-P8-F12"	"CAF pri"
"ACC2-P8-F2"	"CAF pri"
"ACC2-P8-F6"	"CAF pri"
"ACC2-P8-F7"	"CAF pri"
"ACC2-P8-G10"	"CAF pri"
"ACC2-P8-G11"	"CAF pri"
"ACC2-P8-G12"	"CAF pri"
"ACC2-P8-G3"	"CAF pri"
"ACC2-P8-G4"	"CAF pri"
"ACC2-P8-G5"	"CAF pri"
"ACC2-P8-G8"	"CAF pri"
"ACC2-P8-H12"	"CAF pri"
"ACC2-P8-H2"	"CAF pri"
"ACC2-P8-H3"	"CAF pri"
"ACC2-P8-H6"	"CAF pri"
"ACC2-P8-H7"	"CAF pri"
"ACC2-P9-A12"	"CAF pri"
"ACC2-P9-A1"	"CAF pri"
"ACC2-P9-A4"	"CAF pri"
"ACC2-P9-A6"	"CAF pri"
"ACC2-P9-A9"	"CAF pri"
"ACC2-P9-B10"	"CAF pri"
"ACC2-P9-B11"	"CAF pri"
"ACC2-P9-B1"	"CAF pri"
"ACC2-P9-B2"	"CAF pri"
"ACC2-P9-B4"	"CAF pri"
"ACC2-P9-B5"	"CAF pri"
"ACC2-P9-B6"	"CAF pri"
"ACC2-P9-B8"	"CAF pri"
"ACC2-P9-C12"	"CAF pri"
"ACC2-P9-C1"	"CAF pri"
"ACC2-P9-C3"	"CAF pri"
"ACC2-P9-C4"	"CAF pri"
"ACC2-P9-C5"	"CAF pri"
"ACC2-P9-C6"	"CAF pri"
"ACC2-P9-D12"	"CAF pri"
"ACC2-P9-D1"	"CAF pri"
"ACC2-P9-D4"	"CAF pri"
"ACC2-P9-D6"	"CAF pri"
"ACC2-P9-E1"	"CAF pri"
"ACC2-P9-E5"	"CAF pri"
"ACC2-P9-F12"	"CAF pri"
"ACC2-P9-F4"	"CAF pri"
"ACC2-P9-F7"	"CAF pri"
"ACC2-P9-F9"	"CAF pri"
"ACC2-P9-G10"	"CAF pri"
"ACC2-P9-G11"	"CAF pri"
"ACC2-P9-G1"	"CAF pri"
"ACC2-P9-G2"	"CAF pri"
"ACC2-P9-G4"	"CAF pri"
"ACC2-P9-G7"	"CAF pri"
"ACC2-P9-G8"	"CAF pri"
"ACC2-P9-H12"	"CAF pri"
"ACC2-P9-H1"	"CAF pri"
"ACC2-P9-H3"	"CAF pri"
"ACC2-P9-H4"	"CAF pri"
"ACC2-P9-H5"	"CAF pri"
"ACC2-P9-H6"	"CAF pri"
"ACC2-P9-H8"	"CAF pri"
"ACC2-P9-H9"	"CAF pri"
"ACC5-P10-A2"	"CAF pri"
"ACC5-P10-A4"	"CAF pri"
"ACC5-P10-B2"	"CAF pri"
"ACC5-P10-C5"	"CAF pri"
"ACC5-P10-F1"	"CAF pri"
"ACC5-P10-G5"	"CAF pri"
"ACC5-P10-H7"	"CAF pri"
"ACC5-P10-H9"	"CAF pri"
"ACC15-P1-A01"	"CAF pri"
"ACC15-P1-A03"	"CAF pri"
"ACC15-P1-A05"	"CAF pri"
"ACC15-P1-A06"	"CAF pri"
"ACC15-P1-A08"	"CAF pri"
"ACC15-P1-A09"	"CAF pri"
"ACC15-P1-A10"	"CAF pri"
"ACC15-P1-A11"	"CAF pri"
"ACC15-P1-A12"	"CAF pri"
"ACC15-P1-B01"	"CAF pri"
"ACC15-P1-B02"	"CAF pri"
"ACC15-P1-B03"	"CAF pri"
"ACC15-P1-B04"	"CAF pri"
"ACC15-P1-B07"	"CAF pri"
"ACC15-P1-B10"	"CAF pri"
"ACC15-P1-B11"	"CAF pri"
"ACC15-P1-B12"	"CAF pri"
"ACC15-P1-C01"	"CAF pri"
"ACC15-P1-C03"	"CAF pri"
"ACC15-P1-C04"	"CAF pri"
"ACC15-P1-C05"	"CAF pri"
"ACC15-P1-C06"	"CAF pri"
"ACC15-P1-C07"	"CAF pri"
"ACC15-P1-C09"	"CAF pri"
"ACC15-P1-C10"	"CAF pri"
"ACC15-P1-D01"	"CAF pri"
"ACC15-P1-D02"	"CAF pri"
"ACC15-P1-D03"	"CAF pri"
"ACC15-P1-D04"	"CAF pri"
"ACC15-P1-D05"	"CAF pri"
"ACC15-P1-D06"	"CAF pri"
"ACC15-P1-D09"	"CAF pri"
"ACC15-P1-D11"	"CAF pri"
"ACC15-P1-E02"	"CAF pri"
"ACC15-P1-E04"	"CAF pri"
"ACC15-P1-E06"	"CAF pri"
"ACC15-P1-E07"	"CAF pri"
"ACC15-P1-E08"	"CAF pri"
"ACC15-P1-E09"	"CAF pri"
"ACC15-P1-E11"	"CAF pri"
"ACC15-P1-F02"	"CAF pri"
"ACC15-P1-F03"	"CAF pri"
"ACC15-P1-F07"	"CAF pri"
"ACC15-P1-F08"	"CAF pri"
"ACC15-P1-F09"	"CAF pri"
"ACC15-P1-F12"	"CAF pri"
"ACC15-P1-G01"	"CAF pri"
"ACC15-P1-G02"	"CAF pri"
"ACC15-P1-G04"	"CAF pri"
"ACC15-P1-G06"	"CAF pri"
"ACC15-P1-G08"	"CAF pri"
"ACC15-P1-G09"	"CAF pri"
"ACC15-P1-G10"	"CAF pri"
"ACC15-P1-H02"	"CAF pri"
"ACC15-P1-H03"	"CAF pri"
"ACC15-P1-H04"	"CAF pri"
"ACC15-P1-H06"	"CAF pri"
"ACC15-P1-H08"	"CAF pri"
"ACC15-P1-H12"	"CAF pri"
"ACC15-P5-A1"	"CAF pri"
"ACC15-P5-A10"	"CAF pri"
"ACC15-P5-A11"	"CAF pri"
"ACC15-P5-A12"	"CAF pri"
"ACC15-P5-A3"	"CAF pri"
"ACC15-P5-A4"	"CAF pri"
"ACC15-P5-A5"	"CAF pri"
"ACC15-P5-A8"	"CAF pri"
"ACC15-P5-A9"	"CAF pri"
"ACC15-P5-B11"	"CAF pri"
"ACC15-P5-B12"	"CAF pri"
"ACC15-P5-B2"	"CAF pri"
"ACC15-P5-B4"	"CAF pri"
"ACC15-P5-B5"	"CAF pri"
"ACC15-P5-B7"	"CAF pri"
"ACC15-P5-B8"	"CAF pri"
"ACC15-P5-C10"	"CAF pri"
"ACC15-P5-C11"	"CAF pri"
"ACC15-P5-C4"	"CAF pri"
"ACC15-P5-C8"	"CAF pri"
"ACC15-P5-D1"	"CAF pri"
"ACC15-P5-D11"	"CAF pri"
"ACC15-P5-D12"	"CAF pri"
"ACC15-P5-D2"	"CAF pri"
"ACC15-P5-D3"	"CAF pri"
"ACC15-P5-D4"	"CAF pri"
"ACC15-P5-D7"	"CAF pri"
"ACC15-P5-E1"	"CAF pri"
"ACC15-P5-E2"	"CAF pri"
"ACC15-P5-E3"	"CAF pri"
"ACC15-P5-E4"	"CAF pri"
"ACC15-P5-E6"	"CAF pri"
"ACC15-P5-E7"	"CAF pri"
"ACC15-P5-E9"	"CAF pri"
"ACC15-P5-F10"	"CAF pri"
"ACC15-P5-F11"	"CAF pri"
"ACC15-P5-F2"	"CAF pri"
"ACC15-P5-F3"	"CAF pri"
"ACC15-P5-F4"	"CAF pri"
"ACC15-P5-F5"	"CAF pri"
"ACC15-P5-F6"	"CAF pri"
"ACC15-P5-F9"	"CAF pri"
"ACC15-P5-G1"	"CAF pri"
"ACC15-P5-G11"	"CAF pri"
"ACC15-P5-G12"	"CAF pri"
"ACC15-P5-G2"	"CAF pri"
"ACC15-P5-G5"	"CAF pri"
"ACC15-P5-G6"	"CAF pri"
"ACC15-P5-G7"	"CAF pri"
"ACC15-P5-H12"	"CAF pri"
"ACC15-P5-H3"	"CAF pri"
"ACC15-P5-H6"	"CAF pri"
"ACC15-P5-H9"	"CAF pri"
"ACC19-P2-A12"	"CAF pri"
"ACC19-P2-B12"	"CAF pri"
"ACC19-P2-C11"	"CAF pri"
"ACC19-P2-C2"	"CAF pri"
"ACC19-P2-C6"	"CAF pri"
"ACC19-P2-C8"	"CAF pri"
"ACC19-P2-F2"	"CAF pri"
"ACC19-P2-G4"	"CAF pri"
"ACC19-P3-B4"	"CAF pri"
"ACC19-P3-D11"	"CAF pri"
"ACC19-P3-D3"	"CAF pri"
"ACC19-P3-D4"	"CAF pri"
"ACC19-P3-E10"	"CAF pri"
"ACC19-P3-E4"	"CAF pri"
"ACC19-P3-F1"	"CAF pri"
"ACC19-P3-F10"	"CAF pri"
"ACC19-P3-G11"	"CAF pri"
"ACC19-P3-H11"	"CAF pri"
"ACC19-P3-H12"	"CAF pri"
"ACC19-Plate1-A12"	"CAF pri"
"ACC19-Plate1-B9"	"CAF pri"
"ACC19-Plate1-D3"	"CAF pri"
"ACC19-Plate1-E7"	"CAF pri"
"ACC19-Plate1-E9"	"CAF pri"
"ACC19-Plate1-F11"	"CAF pri"
"ACC19-Plate1-G8"	"CAF pri"
"ACC19-Plate1-H11"	"CAF pri"
"ACC19-Plate1-H3"	"CAF pri"
"ACC19-Plate1-H5"	"CAF pri"
"ACC19-Plate1-H6"	"CAF pri"
"ACC2-2-A01"	"CAF pri"
"ACC2-2-A02"	"CAF pri"
"ACC2-2-A03"	"CAF pri"
"ACC2-2-A07"	"CAF pri"
"ACC2-2-A11"	"CAF pri"
"ACC2-2-B01"	"CAF pri"
"ACC2-2-B04"	"CAF pri"
"ACC2-2-B06"	"CAF pri"
"ACC2-2-B08"	"CAF pri"
"ACC2-2-B09"	"CAF pri"
"ACC2-2-B10"	"CAF pri"
"ACC2-2-C02"	"CAF pri"
"ACC2-2-C04"	"CAF pri"
"ACC2-2-C06"	"CAF pri"
"ACC2-2-C08"	"CAF pri"
"ACC2-2-C10"	"CAF pri"
"ACC2-2-C12"	"CAF pri"
"ACC2-2-D01"	"CAF pri"
"ACC2-2-D02"	"CAF pri"
"ACC2-2-D05"	"CAF pri"
"ACC2-2-D12"	"CAF pri"
"ACC2-2-E01"	"CAF pri"
"ACC2-2-E07"	"CAF pri"
"ACC2-2-E09"	"CAF pri"
"ACC2-2-E10"	"CAF pri"
"ACC2-2-E12"	"CAF pri"
"ACC2-2-F01"	"CAF pri"
"ACC2-2-F02"	"CAF pri"
"ACC2-2-F05"	"CAF pri"
"ACC2-2-F06"	"CAF pri"
"ACC2-2-F07"	"CAF pri"
"ACC2-2-F08"	"CAF pri"
"ACC2-2-F09"	"CAF pri"
"ACC2-2-G04"	"CAF pri"
"ACC2-2-G05"	"CAF pri"
"ACC2-2-G06"	"CAF pri"
"ACC2-2-G08"	"CAF pri"
"ACC2-2-G11"	"CAF pri"
"ACC2-2-H01"	"CAF pri"
"ACC2-2-H02"	"CAF pri"
"ACC2-2-H03"	"CAF pri"
"ACC2-2-H04"	"CAF pri"
"ACC2-2-H05"	"CAF pri"
"ACC2-2-H06"	"CAF pri"
"ACC2-2-H07"	"CAF pri"
"ACC2-2-H08"	"CAF pri"
"ACC2-2-H09"	"CAF pri"
"ACC2-P1-A02"	"CAF pri"
"ACC2-P1-A05"	"CAF pri"
"ACC2-P1-A06"	"CAF pri"
"ACC2-P1-A07"	"CAF pri"
"ACC2-P1-A08"	"CAF pri"
"ACC2-P1-A11"	"CAF pri"
"ACC2-P1-A12"	"CAF pri"
"ACC2-P1-B01"	"CAF pri"
"ACC2-P1-B02"	"CAF pri"
"ACC2-P1-B03"	"CAF pri"
"ACC2-P1-B04"	"CAF pri"
"ACC2-P1-B05"	"CAF pri"
"ACC2-P1-B06"	"CAF pri"
"ACC2-P1-B07"	"CAF pri"
"ACC2-P1-B08"	"CAF pri"
"ACC2-P1-C03"	"CAF pri"
"ACC2-P1-C04"	"CAF pri"
"ACC2-P1-C08"	"CAF pri"
"ACC2-P1-C09"	"CAF pri"
"ACC2-P1-D01"	"CAF pri"
"ACC2-P1-D02"	"CAF pri"
"ACC2-P1-D06"	"CAF pri"
"ACC2-P1-E01"	"CAF pri"
"ACC2-P1-E02"	"CAF pri"
"ACC2-P1-E03"	"CAF pri"
"ACC2-P1-E05"	"CAF pri"
"ACC2-P1-E07"	"CAF pri"
"ACC2-P1-E10"	"CAF pri"
"ACC2-P1-E11"	"CAF pri"
"ACC2-P1-E12"	"CAF pri"
"ACC2-P1-F10"	"CAF pri"
"ACC2-P1-F11"	"CAF pri"
"ACC2-P1-F12"	"CAF pri"
"ACC2-P1-G05"	"CAF pri"
"ACC2-P1-G06"	"CAF pri"
"ACC2-P1-G07"	"CAF pri"
"ACC2-P1-G10"	"CAF pri"
"ACC2-P1-G11"	"CAF pri"
"ACC2-P1-H01"	"CAF pri"
"ACC2-P1-H02"	"CAF pri"
"ACC2-P1-H03"	"CAF pri"
"ACC2-P1-H07"	"CAF pri"
"ACC2-P1-H08"	"CAF pri"
"ACC2-P1-H10"	"CAF pri"
"ACC2-P1-H11"	"CAF pri"
"ACC2-P1-H12"	"CAF pri"
"ACC21-P4-A5"	"CAF pri"
"ACC21-P4-C10"	"CAF pri"
"ACC21-P4-C4"	"CAF pri"
"ACC21-P4-D7"	"CAF pri"
"ACC21-P4-E7"	"CAF pri"
"ACC21-P4-F1"	"CAF pri"
"ACC21-P4-G3"	"CAF pri"
"ACC21-P4-H12"	"CAF pri"
"ACC21-P4-H5"	"CAF pri"
"ACC21-P4-H8"	"CAF pri"
"ACC21-P5-B7"	"CAF pri"
"ACC21-P5-C8"	"CAF pri"
"ACC21-P5-D1"	"CAF pri"
"ACC21-P5-E10"	"CAF pri"
"ACC21-P5-E2"	"CAF pri"
"ACC21-P5-F9"	"CAF pri"
"ACC21-P5-G1"	"CAF pri"
"ACC21-P5-G9"	"CAF pri"
"ACC21-P5-H10"	"CAF pri"
"ACC21-Plate1-B2"	"CAF pri"
"ACC21-Plate1-D11"	"CAF pri"
"ACC21-Plate1-D7"	"CAF pri"
"ACC21-Plate1-E8"	"CAF pri"
"ACC21-Plate1-E9"	"CAF pri"
"ACC21-Plate1-F2"	"CAF pri"
"ACC21-Plate1-F8"	"CAF pri"
"ACC21-Plate1-G10"	"CAF pri"
"ACC21-Plate1-G3"	"CAF pri"
"ACC21-Plate1-G8"	"CAF pri"
"ACC21-Plate1-G9"	"CAF pri"
"ACC21-Plate1-H2"	"CAF pri"
"ACC22-LN-P11-A5"	"CAF LN"
"ACC22-LN-P11-A9"	"CAF LN"
"ACC22-LN-P11-B7"	"CAF LN"
"ACC22-LN-P11-B9"	"CAF LN"
"ACC22-LN-P11-C12"	"CAF LN"
"ACC22-LN-P11-C2"	"CAF LN"
"ACC22-LN-P11-C9"	"CAF LN"
"ACC22-LN-P11-D3"	"CAF LN"
"ACC22-LN-P11-E12"	"CAF LN"
"ACC22-LN-P11-E4"	"CAF LN"
"ACC22-LN-P11-F10"	"CAF LN"
"ACC22-LN-P11-F9"	"CAF LN"
"ACC22-LN-P11-G10"	"CAF LN"
"ACC22-LN-P11-G12"	"CAF LN"
"ACC22-LN-P11-G4"	"CAF LN"
"ACC22-LN-P11-G5"	"CAF LN"
"ACC22-LN-P11-H10"	"CAF LN"
"ACC22-LN-P11-H2"	"CAF LN"
"ACC22-LN-P11-H6"	"CAF LN"
"ACC22-P12-LN-A2"	"CAF LN"
"ACC22-P12-LN-A5"	"CAF LN"
"ACC22-P12-LN-A8"	"CAF LN"
"ACC22-P12-LN-C3"	"CAF LN"
"ACC22-P12-LN-D7"	"CAF LN"
"ACC22-P12-LN-E10"	"CAF LN"
"ACC22-P12-LN-E4"	"CAF LN"
"ACC22-P12-LN-E7"	"CAF LN"
"ACC22-P12-LN-F1"	"CAF LN"
"ACC22-P12-LN-F10"	"CAF LN"
"ACC22-P12-LN-F3"	"CAF LN"
"ACC22-P12-LN-F4"	"CAF LN"
"ACC22-P12-LN-F7"	"CAF LN"
"ACC22-P12-LN-G8"	"CAF LN"
"ACC22-P12-LN-H12"	"CAF LN"
"ACC22-P12-LN-H6"	"CAF LN"
"ACC22-P12-LN-H7"	"CAF LN"
"ACC22-P1-A10"	"CAF pri"
"ACC22-P1-A11"	"CAF pri"
"ACC22-P1-A12"	"CAF pri"
"ACC22-P1-A3"	"CAF pri"
"ACC22-P1-A5"	"CAF pri"
"ACC22-P1-A6"	"CAF pri"
"ACC22-P1-A8"	"CAF pri"
"ACC22-P1-A9"	"CAF pri"
"ACC22-P1-B10"	"CAF pri"
"ACC22-P1-B11"	"CAF pri"
"ACC22-P1-B4"	"CAF pri"
"ACC22-P1-B5"	"CAF pri"
"ACC22-P1-B6"	"CAF pri"
"ACC22-P1-B7"	"CAF pri"
"ACC22-P1-C2"	"CAF pri"
"ACC22-P1-C3"	"CAF pri"
"ACC22-P1-C5"	"CAF pri"
"ACC22-P1-C6"	"CAF pri"
"ACC22-P1-C7"	"CAF pri"
"ACC22-P1-C8"	"CAF pri"
"ACC22-P1-D11"	"CAF pri"
"ACC22-P1-D5"	"CAF pri"
"ACC22-P1-D7"	"CAF pri"
"ACC22-P1-D8"	"CAF pri"
"ACC22-P1-D9"	"CAF pri"
"ACC22-P1-E11"	"CAF pri"
"ACC22-P1-E12"	"CAF pri"
"ACC22-P1-E4"	"CAF pri"
"ACC22-P1-E5"	"CAF pri"
"ACC22-P1-E7"	"CAF pri"
"ACC22-P1-E8"	"CAF pri"
"ACC22-P1-F1"	"CAF pri"
"ACC22-P1-F10"	"CAF pri"
"ACC22-P1-F12"	"CAF pri"
"ACC22-P1-F2"	"CAF pri"
"ACC22-P1-F3"	"CAF pri"
"ACC22-P1-F7"	"CAF pri"
"ACC22-P1-F9"	"CAF pri"
"ACC22-P1-G10"	"CAF pri"
"ACC22-P1-G5"	"CAF pri"
"ACC22-P1-G6"	"CAF pri"
"ACC22-P1-G7"	"CAF pri"
"ACC22-P1-G8"	"CAF pri"
"ACC22-P1-H10"	"CAF pri"
"ACC22-P1-H11"	"CAF pri"
"ACC22-P1-H4"	"CAF pri"
"ACC22-P1-H8"	"CAF pri"
"ACC22-P3-Pri-A11"	"CAF pri"
"ACC22-P3-Pri-A4"	"CAF pri"
"ACC22-P3-Pri-A5"	"CAF pri"
"ACC22-P3-Pri-A7"	"CAF pri"
"ACC22-P3-Pri-A8"	"CAF pri"
"ACC22-P3-Pri-A9"	"CAF pri"
"ACC22-P3-Pri-B10"	"CAF pri"
"ACC22-P3-Pri-B11"	"CAF pri"
"ACC22-P3-Pri-B12"	"CAF pri"
"ACC22-P3-Pri-B2"	"CAF pri"
"ACC22-P3-Pri-B3"	"CAF pri"
"ACC22-P3-Pri-B4"	"CAF pri"
"ACC22-P3-Pri-B6"	"CAF pri"
"ACC22-P3-Pri-B7"	"CAF pri"
"ACC22-P3-Pri-B8"	"CAF pri"
"ACC22-P3-Pri-B9"	"CAF pri"
"ACC22-P3-Pri-C10"	"CAF pri"
"ACC22-P3-Pri-C12"	"CAF pri"
"ACC22-P3-Pri-C2"	"CAF pri"
"ACC22-P3-Pri-C3"	"CAF pri"
"ACC22-P3-Pri-D11"	"CAF pri"
"ACC22-P3-Pri-D12"	"CAF pri"
"ACC22-P3-Pri-D4"	"CAF pri"
"ACC22-P3-Pri-D6"	"CAF pri"
"ACC22-P3-Pri-D7"	"CAF pri"
"ACC22-P3-Pri-D8"	"CAF pri"
"ACC22-P3-Pri-D9"	"CAF pri"
"ACC22-P3-Pri-E1"	"CAF pri"
"ACC22-P3-Pri-E12"	"CAF pri"
"ACC22-P3-Pri-E2"	"CAF pri"
"ACC22-P3-Pri-E6"	"CAF pri"
"ACC22-P3-Pri-E7"	"CAF pri"
"ACC22-P3-Pri-E8"	"CAF pri"
"ACC22-P3-Pri-F1"	"CAF pri"
"ACC22-P3-Pri-F10"	"CAF pri"
"ACC22-P3-Pri-F12"	"CAF pri"
"ACC22-P3-Pri-F2"	"CAF pri"
"ACC22-P3-Pri-F4"	"CAF pri"
"ACC22-P3-Pri-G10"	"CAF pri"
"ACC22-P3-Pri-G11"	"CAF pri"
"ACC22-P3-Pri-G3"	"CAF pri"
"ACC22-P3-Pri-G4"	"CAF pri"
"ACC22-P3-Pri-G5"	"CAF pri"
"ACC22-P3-Pri-G6"	"CAF pri"
"ACC22-P3-Pri-G7"	"CAF pri"
"ACC22-P3-Pri-G8"	"CAF pri"
"ACC22-P3-Pri-G9"	"CAF pri"
"ACC22-P3-Pri-H1"	"CAF pri"
"ACC22-P3-Pri-H10"	"CAF pri"
"ACC22-P3-Pri-H12"	"CAF pri"
"ACC22-P3-Pri-H3"	"CAF pri"
"ACC22-P3-Pri-H5"	"CAF pri"
"ACC22-P3-Pri-H6"	"CAF pri"
"ACC22-P3-Pri-H7"	"CAF pri"
"ACC22-P3-Pri-H8"	"CAF pri"
"ACC22-P3-Pri-H9"	"CAF pri"
"ACC22-Pri-P2-A10"	"CAF pri"
"ACC22-Pri-P2-A11"	"CAF pri"
"ACC22-Pri-P2-A12"	"CAF pri"
"ACC22-Pri-P2-A3"	"CAF pri"
"ACC22-Pri-P2-A6"	"CAF pri"
"ACC22-Pri-P2-A7"	"CAF pri"
"ACC22-Pri-P2-B10"	"CAF pri"
"ACC22-Pri-P2-B11"	"CAF pri"
"ACC22-Pri-P2-B12"	"CAF pri"
"ACC22-Pri-P2-B4"	"CAF pri"
"ACC22-Pri-P2-B6"	"CAF pri"
"ACC22-Pri-P2-B7"	"CAF pri"
"ACC22-Pri-P2-C1"	"CAF pri"
"ACC22-Pri-P2-C10"	"CAF pri"
"ACC22-Pri-P2-C11"	"CAF pri"
"ACC22-Pri-P2-C2"	"CAF pri"
"ACC22-Pri-P2-C3"	"CAF pri"
"ACC22-Pri-P2-C5"	"CAF pri"
"ACC22-Pri-P2-C8"	"CAF pri"
"ACC22-Pri-P2-C9"	"CAF pri"
"ACC22-Pri-P2-D1"	"CAF pri"
"ACC22-Pri-P2-D10"	"CAF pri"
"ACC22-Pri-P2-D11"	"CAF pri"
"ACC22-Pri-P2-D5"	"CAF pri"
"ACC22-Pri-P2-D6"	"CAF pri"
"ACC22-Pri-P2-D7"	"CAF pri"
"ACC22-Pri-P2-D8"	"CAF pri"
"ACC22-Pri-P2-D9"	"CAF pri"
"ACC22-Pri-P2-E1"	"CAF pri"
"ACC22-Pri-P2-E10"	"CAF pri"
"ACC22-Pri-P2-E2"	"CAF pri"
"ACC22-Pri-P2-E3"	"CAF pri"
"ACC22-Pri-P2-E4"	"CAF pri"
"ACC22-Pri-P2-E5"	"CAF pri"
"ACC22-Pri-P2-E8"	"CAF pri"
"ACC22-Pri-P2-E9"	"CAF pri"
"ACC22-Pri-P2-F10"	"CAF pri"
"ACC22-Pri-P2-F11"	"CAF pri"
"ACC22-Pri-P2-F2"	"CAF pri"
"ACC22-Pri-P2-F3"	"CAF pri"
"ACC22-Pri-P2-F4"	"CAF pri"
"ACC22-Pri-P2-F5"	"CAF pri"
"ACC22-Pri-P2-F8"	"CAF pri"
"ACC22-Pri-P2-G10"	"CAF pri"
"ACC22-Pri-P2-G11"	"CAF pri"
"ACC22-Pri-P2-G12"	"CAF pri"
"ACC22-Pri-P2-G3"	"CAF pri"
"ACC22-Pri-P2-G4"	"CAF pri"
"ACC22-Pri-P2-G5"	"CAF pri"
"ACC22-Pri-P2-G8"	"CAF pri"
"ACC22-Pri-P2-H1"	"CAF pri"
"ACC22-Pri-P2-H11"	"CAF pri"
"ACC22-Pri-P2-H12"	"CAF pri"
"ACC22-Pri-P2-H2"	"CAF pri"
"ACC22-Pri-P2-H3"	"CAF pri"
"ACC22-Pri-P2-H7"	"CAF pri"
"ACC22-Pri-P2-H8"	"CAF pri"
"ACC22-Pri-P2-H9"	"CAF pri"
"ACC2-P4-A1"	"CAF pri"
"ACC2-P4-A10"	"CAF pri"
"ACC2-P4-A11"	"CAF pri"
"ACC2-P4-A2"	"CAF pri"
"ACC2-P4-A3"	"CAF pri"
"ACC2-P4-A5"	"CAF pri"
"ACC2-P4-A7"	"CAF pri"
"ACC2-P4-A8"	"CAF pri"
"ACC2-P4-A9"	"CAF pri"
"ACC2-P4-B1"	"CAF pri"
"ACC2-P4-B12"	"CAF pri"
"ACC2-P4-B2"	"CAF pri"
"ACC2-P4-B3"	"CAF pri"
"ACC2-P4-C1"	"CAF pri"
"ACC2-P4-C10"	"CAF pri"
"ACC2-P4-C11"	"CAF pri"
"ACC2-P4-C12"	"CAF pri"
"ACC2-P4-C3"	"CAF pri"
"ACC2-P4-C4"	"CAF pri"
"ACC2-P4-C9"	"CAF pri"
"ACC2-P4-D1"	"CAF pri"
"ACC2-P4-D10"	"CAF pri"
"ACC2-P4-D12"	"CAF pri"
"ACC2-P4-D2"	"CAF pri"
"ACC2-P4-D4"	"CAF pri"
"ACC2-P4-D5"	"CAF pri"
"ACC2-P4-D7"	"CAF pri"
"ACC2-P4-D8"	"CAF pri"
"ACC2-P4-E12"	"CAF pri"
"ACC2-P4-E2"	"CAF pri"
"ACC2-P4-E5"	"CAF pri"
"ACC2-P4-E6"	"CAF pri"
"ACC2-P4-E8"	"CAF pri"
"ACC2-P4-E9"	"CAF pri"
"ACC2-P4-F1"	"CAF pri"
"ACC2-P4-F11"	"CAF pri"
"ACC2-P4-F12"	"CAF pri"
"ACC2-P4-F5"	"CAF pri"
"ACC2-P4-F8"	"CAF pri"
"ACC2-P4-F9"	"CAF pri"
"ACC2-P4-G1"	"CAF pri"
"ACC2-P4-G10"	"CAF pri"
"ACC2-P4-G12"	"CAF pri"
"ACC2-P4-G2"	"CAF pri"
"ACC2-P4-G4"	"CAF pri"
"ACC2-P4-G8"	"CAF pri"
"ACC2-P4-G9"	"CAF pri"
"ACC2-P4-H10"	"CAF pri"
"ACC2-P4-H3"	"CAF pri"
"ACC2-P4-H5"	"CAF pri"
"ACC2-P4-H8"	"CAF pri"
"ACC2-P4-H9"	"CAF pri"
"ACC5-P11-A03"	"CAF LN"
"ACC5-P11-A04"	"CAF LN"
"ACC5-P11-A12"	"CAF LN"
"ACC5-P11-C01"	"CAF LN"
"ACC5-P11-F08"	"CAF LN"
"ACC5-P2-A01"	"CAF pri"
"ACC5-P2-B04"	"CAF pri"
"ACC5-P2-E05"	"CAF pri"
"ACC5-P2-F08"	"CAF pri"
"ACC5-P2-H09"	"CAF pri"
"ACC5-Plate4-A3"	"CAF pri"
"ACC5-Plate4-C3"	"CAF pri"
"ACC5-Plate4-C6"	"CAF pri"
"ACC5-Plate4-D8"	"CAF pri"
"ACC5-Plate4-G2"	"CAF pri"
"ACC7-P1-A02"	"CAF pri"
"ACC7-P1-A04"	"CAF pri"
"ACC7-P1-A05"	"CAF pri"
"ACC7-P1-A09"	"CAF pri"
"ACC7-P1-B02"	"CAF pri"
"ACC7-P1-B04"	"CAF pri"
"ACC7-P1-B06"	"CAF pri"
"ACC7-P1-B08"	"CAF pri"
"ACC7-P1-B10"	"CAF pri"
"ACC7-P1-C01"	"CAF pri"
"ACC7-P1-C02"	"CAF pri"
"ACC7-P1-C09"	"CAF pri"
"ACC7-P1-D06"	"CAF pri"
"ACC7-P1-D09"	"CAF pri"
"ACC7-P1-D10"	"CAF pri"
"ACC7-P1-D11"	"CAF pri"
"ACC7-P1-E04"	"CAF pri"
"ACC7-P1-E08"	"CAF pri"
"ACC7-P1-E10"	"CAF pri"
"ACC7-P1-F02"	"CAF pri"
"ACC7-P1-F04"	"CAF pri"
"ACC7-P1-F05"	"CAF pri"
"ACC7-P1-F07"	"CAF pri"
"ACC7-P1-G04"	"CAF pri"
"ACC7-P1-G06"	"CAF pri"
"ACC7-P1-G09"	"CAF pri"
"ACC7-P1-H01"	"CAF pri"
"ACC7-P1-H02"	"CAF pri"
"ACC7-P1-H03"	"CAF pri"
"ACC7-P1-H09"	"CAF pri"
"ACC7-P1-H12"	"CAF pri"
"ACC7-P13-A08"	"CAF LN"
"ACC7-P13-A09"	"CAF LN"
"ACC7-P13-B03"	"CAF LN"
"ACC7-P13-B05"	"CAF LN"
"ACC7-P13-C05"	"CAF LN"
"ACC7-P13-D03"	"CAF LN"
"ACC7-P13-E07"	"CAF LN"
"ACC7-P13-F02"	"CAF LN"
"ACC7-P13-F03"	"CAF LN"
"ACC7-P13-F05"	"CAF LN"
"ACC7-P3-A01"	"CAF pri"
"ACC7-P3-A03"	"CAF pri"
"ACC7-P3-A04"	"CAF pri"
"ACC7-P3-A12"	"CAF pri"
"ACC7-P3-B04"	"CAF pri"
"ACC7-P3-B06"	"CAF pri"
"ACC7-P3-B07"	"CAF pri"
"ACC7-P3-B08"	"CAF pri"
"ACC7-P3-B10"	"CAF pri"
"ACC7-P3-B12"	"CAF pri"
"ACC7-P3-C04"	"CAF pri"
"ACC7-P3-C09"	"CAF pri"
"ACC7-P3-D02"	"CAF pri"
"ACC7-P3-D05"	"CAF pri"
"ACC7-P3-D11"	"CAF pri"
"ACC7-P3-E02"	"CAF pri"
"ACC7-P3-E06"	"CAF pri"
"ACC7-P3-F03"	"CAF pri"
"ACC7-P3-F07"	"CAF pri"
"ACC7-P3-F09"	"CAF pri"
"ACC7-P3-F11"	"CAF pri"
"ACC7-P3-G04"	"CAF pri"
"ACC7-P3-G07"	"CAF pri"
"ACC7-P3-G08"	"CAF pri"
"ACC7-P3-G11"	"CAF pri"
"ACC7-P3-H03"	"CAF pri"
"ACC7-P3-H08"	"CAF pri"
"ACC7-P3-H10"	"CAF pri"
"ACC7-P7-A2"	"CAF pri"
"ACC7-P7-A3"	"CAF pri"
"ACC7-P7-A5"	"CAF pri"
"ACC7-P7-A7"	"CAF pri"
"ACC7-P7-B1"	"CAF pri"
"ACC7-P7-B2"	"CAF pri"
"ACC7-P7-C11"	"CAF pri"
"ACC7-P7-C3"	"CAF pri"
"ACC7-P7-C5"	"CAF pri"
"ACC7-P7-C8"	"CAF pri"
"ACC7-P7-D1"	"CAF pri"
"ACC7-P7-D11"	"CAF pri"
"ACC7-P7-D12"	"CAF pri"
"ACC7-P7-D5"	"CAF pri"
"ACC7-P7-D6"	"CAF pri"
"ACC7-P7-D8"	"CAF pri"
"ACC7-P7-E1"	"CAF pri"
"ACC7-P7-E2"	"CAF pri"
"ACC7-P7-E3"	"CAF pri"
"ACC7-P7-E4"	"CAF pri"
"ACC7-P7-E7"	"CAF pri"
"ACC7-P7-F11"	"CAF pri"
"ACC7-P7-F4"	"CAF pri"
"ACC7-P7-F7"	"CAF pri"
"ACC7-P7-G1"	"CAF pri"
"ACC7-P7-G6"	"CAF pri"
"ACC7-P7-G7"	"CAF pri"
"ACC7-P7-G9"	"CAF pri"
"ACC7-P7-H11"	"CAF pri"
"ACC7-P7-H8"	"CAF pri"
"ACC7-P7-H9"	"CAF pri"
"ACC7-Plate3-A10"	"CAF pri"
"ACC7-Plate3-A2"	"CAF pri"
"ACC7-Plate3-A7"	"CAF pri"
"ACC7-Plate3-A8"	"CAF pri"
"ACC7-Plate3-B11"	"CAF pri"
"ACC7-Plate3-B1"	"CAF pri"
"ACC7-Plate3-B2"	"CAF pri"
"ACC7-Plate3-B5"	"CAF pri"
"ACC7-Plate3-B6"	"CAF pri"
"ACC7-Plate3-B8"	"CAF pri"
"ACC7-Plate3-C10"	"CAF pri"
"ACC7-Plate3-C12"	"CAF pri"
"ACC7-Plate3-C1"	"CAF pri"
"ACC7-Plate3-C2"	"CAF pri"
"ACC7-Plate3-C6"	"CAF pri"
"ACC7-Plate3-D12"	"CAF pri"
"ACC7-Plate3-D3"	"CAF pri"
"ACC7-Plate3-E10"	"CAF pri"
"ACC7-Plate3-E11"	"CAF pri"
"ACC7-Plate3-E4"	"CAF pri"
"ACC7-Plate3-E6"	"CAF pri"
"ACC7-Plate3-E7"	"CAF pri"
"ACC7-Plate3-F1"	"CAF pri"
"ACC7-Plate3-F2"	"CAF pri"
"ACC7-Plate3-F4"	"CAF pri"
"ACC7-Plate3-F9"	"CAF pri"
"ACC7-Plate3-G10"	"CAF pri"
"ACC7-Plate3-G1"	"CAF pri"
"ACC7-Plate3-G2"	"CAF pri"
"ACC7-Plate3-G3"	"CAF pri"
"ACC7-Plate3-G6"	"CAF pri"
"ACC7-Plate3-G7"	"CAF pri"
"ACC7-Plate3-G8"	"CAF pri"
"ACC7-Plate3-H10"	"CAF pri"
"ACC7-Plate3-H2"	"CAF pri"
"ACC7-Plate3-H6"	"CAF pri"
