""	Myo	Luminal	Naive B	Naive CD4+ T	Effector CD8+ T	CD8+ NKT-like	Plasmacytoid Dendritic	Macrophages	Basophils	Neutrophils	Plasma B	Myeloid Dendritic	CAF
ARPP21	0.0456915021254873	1.25320686261558	14.6356405534686	0.848711691870371	1.25404236810393	0.101873664024017	0	0	0	67.247579929615	0	0	1.0850027295385
DEPP1	120.435745026317	22038.000049465	0	0.0537955733858499	0.0622207932443156	37.205933237091	0	12.9870895649382	5.05255236174088	0	76.4953088111856	20709.3744038882	10444.2911826856
CD24	3380.87787239202	22266.4495250771	1036.74817398416	0.0329728823956262	0	0	5.7559581114624	2.715648129792	0.204083450067242	0	0	202.23512029992	221.117239340595
CD27	2.91874689934818	0.731953685359516	4181.90599728221	11578.5240556566	7733.08995371014	8915.75498670067	0.158076035056655	2.89311041009785	0	8.56120591724935	2375.76914507872	1.93019089028314	3.74955269343151
CD38	47.1145020615823	4.7375543054161	147.767851876936	232.207368089607	140.750262003286	500.83998937317	74.9244637268793	144.499328114883	697.289393660778	1.18101113269758	131.016133556133	19.9464214382863	15.929402041073
CD79A	1.80896744559245	20.4280151629289	116087.144119233	266.285864168479	15.6704975004318	14.2221756649127	0	13.9223662127794	0	0	8757.75751939158	0	1.49525347066901
CD79B	262.628006802608	1.63297509067319	19619.0938215071	1212.99888565589	1544.19072000912	720.767430860043	111.814380721467	6.14496624870649	693.450669562316	0	384.131297966629	313.457212475216	277.054947152209
CD9	21397.8301632065	19823.1071500888	0	121.517357840542	552.073941380908	38.9058194752497	5045.95435106941	5900.56417490729	14284.9958696079	0.111384688314417	78.8721230839118	1437.47871938892	11260.1126501438
CD99	1155.24262544056	687.883096617822	2139.16716906073	4717.60234571949	9180.58817039142	8065.31859686279	1582.50465506084	1626.05313651299	5441.73733235657	83.1159562508896	148.60072049653	58.1750299682143	10507.194522656
DNTT	0	0.224357087883797	0	2.96613569736195	166.491591420008	1.46773778964542	0	1.32240074367542	0	0	3.90219779989424	0	0
HLA-DQA1	1.85812676772595	1.00237302304054	9209.17591601225	93.364353551373	236.736781225229	468.772581359068	23915.0194293244	15566.6150254009	345.375167441009	0	22.9572284719569	7895.48714564818	15.3488954974492
HLA-DQB1	214.803757264092	157.963719052929	14899.7485803443	564.055925029693	606.133298601232	1437.83601973839	47790.5993522489	36065.8628434103	277.929379563531	52.14191390471	100.32642905666	10277.1991789679	8.17481480767871
IGLL1	14.7886607760217	1.52173572876362	0.657919648285765	0.0655304331563203	0.137828614419681	0	0	0	0	0	6.08261631632869	0	0.112316718697649
IGLL5	0	0	776.791758869471	21.3948557258747	0	3130.76459009476	0	0	0	0	102014.230626274	0	4.39487289307099
PAX5	0	0.0394316757880106	1810.83627936489	0.828299965262784	0.00523491733776577	0.0641223806113446	0	0.00885221407846088	0	0	0.0360957359140351	11.3526874620726	0.028424919821126
PTPRC	0.384523432019321	0.0683740735454451	4234.13369286968	12188.7126996478	14303.7917247616	17501.2701084532	4904.499375267	3216.37063432422	1826.2502704554	39431.0479354114	39.4151304347348	452.551161086932	173.546665144401
TCL1A	0	0	30909.9689749523	46.1375605183832	18.7842592133309	124.821631063303	3191.22901654636	0.468707652091131	0	0	0	0	0.00512444693989342
VPREB1	0	0	0	0	0	0	79.544617434837	0	0	0	0	0	0
VPREB3	0	0.306979866410484	18759.4258827003	0	0	0	676.621607845229	0	0	0	94.8072694919054	0	3.96360507761208
ACSM3	194.056035110992	55.5788575401523	949.141270860609	80.9250409864751	78.5956275494281	46.7336410699703	137.181323847483	34.5917906620652	130.62295754551	0	0.311270425321781	0	5.87687195698447
CCDC191	123.449274991046	103.114487649869	647.827691244381	273.094588948054	0	5.66588808069696	28.2696748454696	50.2008000700509	0.193363825833497	0	0	0	93.9088426957357
CD19	0	0	26320.6715655127	0	0	0	0	37.4981615042706	0	0.240147021387275	271.239413624225	0	0.613420407593226
NSMCE1	787.432108506417	935.34219559101	169.59046771745	1250.83724926069	565.578475609999	885.439759276798	497.099055250686	252.284178408063	7993.77188738387	256.600771567442	10.6649702034627	111.380127113149	770.456790444161
PCDH9	1.79262979961275	1.10020790155219	670.420743525827	8.43661718706724	1.22794489443583	8.18771221842264	0.114376593269947	0	19.2301174827804	0.022647541482554	0.0708008252046883	0	30.5758329099253
SDC1	1601.62465863127	1606.6733250046	0	0	0	0	0	0	0	14.2089583241579	359.000880013081	0	2724.74249599121
MS4A1	0	0.0197277668933602	47487.0619743146	137.102579766434	864.188431992236	715.340439507385	0	0.0252562965955869	0	0	0	42.3160877287606	0
DERL3	16.9400310054421	2.78778214794451	205.942862578748	18.0025668163153	0.696957187591937	0.465968559816553	22.2982947232634	2.60810001295838	0	25.4761296478294	423.600722659888	0	137.401411866978
FKBP11	51.6913015947979	64.9160300346897	437.315030246172	438.9493359684	1264.68066344629	642.124601082392	16.547052172819	36.1774795780004	0	0	746.312006265947	0	263.512348006055
JCHAIN	0.113039713431915	0.137931432357648	8048.50844154414	6.01552515758022	0	46014.1256926559	13799.2585601738	0	0	4.42571885304844	3737252.31522451	0	705.869449699453
PRDX4	9465.98391479545	8038.17580258521	369.009717534912	1538.13013326747	1386.50069674185	1003.18179230664	1183.56894688927	1313.06122391389	917.164193695158	0.716611881373282	3866.80376607213	651.003804213348	10839.6754837171
SEC11C	260.563570019762	951.930943126733	597.150400134398	890.795500980497	457.271124807269	773.815245525568	256.516258611368	257.894482920328	720.217826732921	0	1846.58611597583	477.46581836783	196.319506621036
SSR4	2589.42452628405	2402.75203785534	1072.16304357918	1822.17045404602	2595.37509899601	1839.92915674913	1354.85143749502	939.791395998056	3497.25238516874	0	6089.14922241353	688.480663531655	2305.11299400382
CCR6	0	0	142.714636507202	638.946717774175	706.982582073296	102.620006921072	80.4343540908527	0.0254308166335117	0	0	0	56.9413462077595	0.00286367190312188
CCR7	30.1019524643422	3.71561044026399	57013.8812296872	101670.856620601	18290.5745586875	9446.78096017332	549.94165413175	11.6707234365501	0.1193181375517	0	0.0606728356162611	1052322.8042724	389.142765496895
ITGAM	0.0102328127743444	4.66832213165392	1174.62552533608	64.0150558805934	266.86461898165	661.86827544791	2821.49932231483	2755.84043422455	2419.60404084721	6199.31659678206	0	3.05986631845012	3.37682157264769
IL7R	0.350912049916654	0.0407347701797226	268.616508374702	40000.4149645589	43451.363131461	13074.6901076314	499.84644804688	179.984041809719	644.04304436569	0	0	15301.7467335265	740.768671373366
CD2	0.636230004079354	0.0322856738546847	0.106221000696116	51601.5686245925	92543.2887112428	50467.2867523604	318.594717966805	36.9835244565032	515.644498952794	0	0	6.16703375183538	455.588191569856
TNFRSF8	1.70173957291193	1.33099526684238	85.9779305478858	270.943520467224	0	131.223574586332	171.9436509708	455.210547694602	32.8021808874389	698.946959215798	0	4.69778669054862	10.1457037141531
CD3D	0	0	1.14596198847406	104889.880563803	110691.967845132	65979.1306935368	0	0.274587671471919	0.412605914581603	0	42.7127801306667	2501.74208516643	1662.55842020628
CD3E	0	0	0	6891.92916605116	9169.8900292283	10429.6798119141	1.91451951011725	1.0948318260955	0.244977200756906	0	0	0	31.5114263397653
CD3G	0	0	0.0407197064985354	7251.28920207827	8830.28810043048	8456.56300833623	0.0467658288521983	10.836234485431	0	0	0	0	98.9580237700719
CD247	1.32308198170598	0.0194785230951513	0	2239.28898802796	1761.95202446486	2123.58021224992	0	24.645097119836	0.240479435670935	0	0	0	0.0576633132623518
CD52	0.213895374564959	0.0324563411798025	57569.1479458839	37502.5951465393	73373.4054960746	30811.2787738161	9396.22914166405	23.4695302309286	16571.5428256822	0	544.469892670983	123.685306724326	241.232944974225
CD6	0	1.51225818314431	47.2872989854434	2080.34035301555	1905.51138034517	1724.16058150247	33.1272969850723	79.8357086944554	0	0	0.496832531430865	134.580686611128	17.7609677622074
SELL	9.76798479932532	0.0548145984404286	54289.8814229571	60301.0897132017	7893.8156254732	9117.06956129124	9783.25537767592	776.764410172899	798.627898941015	342562.698440239	190.847153182699	2.01611784433044	562.571788300902
CD8A	0.0378009340352684	3.74233349075496	0.228873373071381	2740.29017787352	19140.5463279015	64712.7330834019	0	107.036258045684	0.1670450865948	0	0	0	405.80415931122
CD8B	0	2.15350651433456	0.0726442735642901	717.547817118122	1828.85720611533	2981.18527838509	0	10.4831021733263	0	0.226675872272446	0	0	11.8633708483661
CTLA4	0	1.17818982467615	0	11755.8217342025	5891.7488822419	1692.37533966154	815.150002604204	186.695904319707	0	0	0	1355.48707940081	16.5747958968065
DAPL1	4.91496930515199	67.2686581262081	0	0	0	7.68398643390388	0	17.2829779293369	487.473768812467	0.482776066394062	0	5.02669116220232	1.15277644671382
FOXP3	0.123968885646969	0.844786164398374	0	1422.50379679376	51.1226139231453	21.8675545374769	0	0	0	0	0	11.4195580034967	1.90711020193216
GNLY	0	0.678800229792277	0	951.178916712201	6708.29429630899	36897.2333102755	9.27054499140691	0.0618814391734207	0	37.2516370846019	0	0	0
GZMB	0	0.0220321860542586	14802.9031777671	401.466753649982	27498.434584142	32138.7396087099	37799.592587591	7.64899636632137	0.236964707101322	0	0	0	94.9659344156784
IL2RA	207.510922306254	0.069603820024825	2494.2962910956	4947.87044154046	2320.41768314045	212.592320008216	3.76942283366788	1691.49994996	739.152061884916	0	0	0	78.4531753118809
LCK	3.94371188608109	161.762950243329	1189.85816452802	26784.0775750765	28279.0082063319	21114.6851727302	0.184536585877579	5.84179832419083	0	0.163763604064877	0	0	509.968308894293
LTB	1.00792336638907	1.19273068549122	881.48078712311	1858.48046003167	1008.56522676412	262.97176735906	28.2714909729124	0.417347715488442	0	26.3321314616917	0	32.3912262576966	0.0435472631733781
SHISA5	1413.37041392464	748.700140831549	754.730818591905	3190.57822047992	4612.55761977791	4444.80943344329	1210.25449332558	623.383681192246	963.415298356213	8568.3059964445	64.0174610815964	216.693530155508	2521.07845281303
THY1	325.717485713196	0.971981802575869	8.07221084288836	45.3393628742524	0	11.9763712059221	5.39998441849131	0	0	0.0471270933046766	0	121.364424117012	11011.638845495
TRAC	355.798185540969	65.8850861255222	3102.74461553463	258583.687549362	263987.163567261	142215.014404665	52.2220126825875	102.899375250418	0	0.502256610663977	197.547069493089	0	2137.75237847919
TRBC2	0.960307670137455	0	17094.6560234692	305599.092005584	253144.602201943	216880.068663817	9.47078630060538	90.8211922767062	190.616758082417	0	750.005584440559	722.623184136647	1237.25358621489
CD4	0.125276441101461	22.0250083090746	30.613230892331	20784.4511793557	23045.1345363645	2582.11357738645	21465.6032864009	20996.5697931409	2371.4434595376	0	0	6069.08958855386	529.984581114184
ISG20	0.169481604552196	197.08769650022	4463.79857184857	2394.75269544269	2131.19835130583	2383.04400223334	134.074647094456	120.692775196363	0	2124.91984069628	263.731565685545	79.6725704905165	76.0356049373182
S100A4	720.530179224979	654.468764212436	1362.07112110411	54440.6490439574	121699.865842489	24594.2125139744	67784.8140063559	16383.737813297	91606.2194051907	47140.1589379625	466.925564072461	2604.49625106906	47653.8654336805
TRDV2	0	0	0	357.055199351535	0.0726045236926396	5461.09546445891	0	0	0	0	0	0	8.6354227708055
TRGC1	0.00537149996255884	2.08972043161693	14.3660878039585	151.251854805974	815.738143324175	2242.54015334282	0	0	0	0	0	0	0
TRGV9	0	0	0	60.9091309571261	603.880362846632	1938.14701847777	0	0	0	0	0	0	0.00555629039410395
MPL	13.3916770956866	17.0891891364043	75.1987796091791	0.0174957422597508	0	5.06753356227428	0	0.799120900953974	66.5280314805322	0	0	0	10.2600286735331
PECAM1	0.0337395068143146	11.3790324353818	1969.52766985235	262.540468573415	384.47843837444	1465.15707415381	5532.80935137092	3398.28249691408	49.3348382238215	17506.8947707639	282.294305629629	1616.08765173435	7.00817698471647
ITGA2B	7.2238955231218	5.50893445054733	1.47168837116566	7.22476879926339	0	9.76697692157176	0.0343047879164593	2.25094543631344	1318.80353379631	0	0	0	15.2937896785399
GP1BA	1.4030690724181	2.64711849744889	18.1624161144656	4.30426025101113	83.0911435067121	108.985146804906	0.0912476972206893	13.8509759661174	0	123.867140622194	0	0	11.3125169115233
ITGB3	0.00771336188615821	0	9.01037163609652	2.73568888019322	0	0	2.00489868099838	30.5385504744287	69.8782412533522	0	0	0	19.3465815429303
CLU	140.715681495864	11184.5692324935	0	224.864665681281	878.680952435126	418.805863280995	30.1303651586944	0	34266.3973022075	0.115341255725842	0	1390.55305459029	5161.73162380059
GNG11	0.0145416622246304	13.1362636959695	55.0424451881577	0	0.0611441993541668	0	6.08029695090303	22.5715365842356	0	0	0	152.880800346462	1561.4169234879
PF4	0	0	0	4.62820782227065	0	13.8364887159703	0	0	0	0	0	0	0
CAVIN2	5.66296410578218	16.3355255064306	0	0.0668371362926445	0	0	515.697681322395	17.8816996876531	14451.9681798478	0	0	583.513769112597	361.017173762977
IL2RB	26.6584388501896	0.0519802805969361	3.34931946575077	3515.34230156147	6269.35736638768	16032.3755052824	29.2064791175488	0.539426824923808	0	0	1.87838400508118	0	114.040738895201
FCGR3A	0.0277218770692335	0	0.0441860863784819	153.272685382941	644.206452959705	6476.71143227668	28434.3619019386	116812.420523876	0	33873.6572721591	0	0	0.0704513314239607
FCGR3B	0.708949533569535	0.152471999919948	141.67456811968	5.14912899991473	1.45872078522656	35.3337898153615	109.562666714496	432.254802055024	0	410657.327186136	0	0	1.39933487654151
KLRB1	5.46391251628322	10.6805190790491	9.33402177772188	9985.5610566654	39372.8850930019	16986.7187301585	0	0	0	0	0	0	25.1703341680801
KLRK1	4.87358735151377	2.22136540058545	8.83434708531821	222.213113047341	662.175714210983	810.489775677787	0	1.17016328695264	0	0	0.0828492786333862	0	2.22038211203811
NCAM1	4.4989761282876	15.7079021738777	0	0.0317968488095496	119.903780121706	127.369970167314	1.55638978737832	0.248543036427755	0	0	1.52800718483589	0	25.4786670251033
CD69	2.01825576188488	1.07489729105118	36609.9141830759	28260.265938053	54301.9048481907	35876.1231210686	1207.67317743452	5010.42731464151	292005.997967935	0	0	0	536.776308452962
KLRD1	1.88413349202808	3.10915316226246	0	9.19653451885146	450.997840478503	1148.92573444808	0.0235255349879123	0.55180451445911	0	0.0457537768270298	0	0	0.436342917277536
COX6A2	0	14.3425723890143	0	0	0	0	0	0	0	0	0	0	0
GZMA	0	0	0	10402.0208406817	83003.6115900397	150527.814559845	0	73.5207996385181	0	0	0	0	356.855614743907
GZMM	17.1021655881525	0.252634555168722	0.217196370981382	5094.77621334665	6562.11423171373	17948.3739597031	0.937682436021194	20.5421615131936	0	0	0	0	6.52798334320479
KIR2DL4	28.6588360298463	3.09331968859929	4.25393528547465	2.8133577767919	21.3877467523922	2559.26406838381	0	3.22788168038642	0	0	0	0	0
NKG7	0	0.0776105894812389	0	2496.69776732073	50785.9330353423	251177.190282682	265.305957208262	150.145491411147	4770.77794282014	0	0	0	2151.2358419255
NCR1	1.49362204310221	3.54168048977049	155.796214059177	120.05158753092	33.3637592477083	842.809614440608	5.72293010886757	1.74646514184616	0	1423.99435705794	0.145160205170227	65.6477590197494	0.0174677219503691
ZMAT4	0.8530606477568	2.13139996421962	0	5.79533036422299	0	0.757410044762115	0	0.0416130781962174	0	0	0	0	1.8787668282675
ALOX15	0.171648710598138	13.3535449334951	0.526165653857762	0	0.296630415112085	0.0736129930655901	193.259678532365	0	585.652140059587	0	0.0413032242340875	955.866891021425	0
CCL23	9.39980806809001	0	0	199.692709713583	0	0	0	23.340617525311	79.0319082443914	0	0	0	0.987408586529422
IL3RA	32.2697430704323	24.3945725081509	1400.37873383701	187.625396171949	182.904470592431	244.501496636071	7160.76684361271	2340.31167029247	448.471818299196	0	0	2210.21289175147	45.86718979778
IL5RA	0.0468563939946349	0.420169636485857	522.387690616344	5.53650451154579	89.851551021839	6.48136103489748	49.4912659405813	0	1303.13922187685	58.5957080461844	9.37917414784007	0	0.711208248668626
FUT4	19.5999714204015	1.64186915944641	0.367126464394135	13.2794511451956	36.4157828587198	10.5814505862251	19.3890192031598	3.7309272923245	0.25387700630931	0	0.509062520249636	25.5928752351171	7.03312958658938
CCR3	0	0	96.3235979666281	0	20.6084629281987	57.0515142886632	186.380363805428	0.160986164528049	0	5406.44087109589	0	0	2.2802405752546
CEBPE	0	0	0	0	0	0	0	5.04471882958418	0	0	0	0	0
FOXI1	0	0.110152703071575	228.138490032357	0	0	0	0.898353839420984	0	0	0	0	248.103949684517	3.5055519028608
GATA1	0	1.20609735270988	0	0.0190888156619531	0	0	0	0	3581.04978537085	0	0	0	6.39258475256841
PRSS33	2.08279790347494	8.77030330120588	0	0	0	0	0	0	0	0	0	0	0
PRSS41	2.1479599376738	0	0	0	0	0	0	0	0	0	0	0	47.1426013162214
SEMG1	0	0	177.826327305772	0	0	6.3122709954393	0	0	0	0	0	0	0
SIGLEC8	0.0267991241470271	0	0	6.81368352398713	0	0.0400748822075476	0	1104.26913224477	9513.80529302688	0	0	0	5.90639347302722
THBS4	25.0361242025016	33.3670963761632	1.71278002475973	161.546310236645	55.7421507531858	7.67486879532803	7.75092125855967	52.9190868694211	0	0	0	0	21331.5458211244
ANXA3	3327.86000206241	4172.40985243118	0	11.1499852681214	0.083750169928047	5.11300286372765	2.13858574407588	0	0	3482.52859926014	0	124.275614817442	85.8589941203617
AZU1	2.09705461006722	4.79319063611635	0	6.18976418943572	0.0505164030149537	0.0682312524416543	1.36061242809517	0.737046939312435	0	0	0	0	0.728575239031781
BPI	179.55972351944	39.7328275256758	0	0.0207994234854188	0.0464147778772058	3.1796110086527	0	0	0	0	0.314757412185146	0	68.7687716497185
BTNL3	0.501160336945684	0	0	0	0	0	0	35.4452889652124	0	2113.78348063346	0	0	0.00845561358569282
C4BPA	0.360087640675454	2.81395785012975	0	16.7735681782899	0	0	0	3.23327712413161	0	4685.89731671808	0	0	1.83742634500845
CAMP	0	8.3620392191851	0	10.4782149120353	0.310609159232382	2.72353001627004	3.01234911673717	0.959822813992601	0	1649.4101553017	2.31451047949829	0	3.39121842573516
CEACAM8	0.00473159395648307	1.45965003959953	0.31245943268891	57.5884223120402	34.3352461794438	6.20992401202837	11.4736873999457	0.540103871332086	0	0	0	0	2.58874615682948
CHI3L1	3029.67361106261	596.098742732553	22.7232865602565	26.6186261124862	0.810921114057664	39.8623672643189	210.156746601435	0	0	16071.139861416	0	1724.29281639724	698.406997652605
CXCL1	740.855284464332	3484.33567113494	0	62.0683861481473	0.463124532033667	0	2372.03096963317	7902.64473807016	0	23039.7626685017	0	0	2316.70006244401
CXCL8	50.9388043473252	31.2039335333076	0.810420340850042	0.10339738594854	0.348081504245255	11.2567697778895	101992.174937572	147955.653397632	0	1607681.51193149	0	1537.07575741964	787.78705619913
CXCR2	0.369594720392325	0	0	0	0.0335456808286794	188.935200716145	75.6327765547987	96.0299090035693	38.0267514799993	169726.953684213	0.0778002453546184	0	31.4268454672931
ELANE	0	0.542920812215247	0	0	0	0.0771302007784032	0	0	0	0	0	0	93.3722391770537
GCA	60.3775621592228	196.052512569499	249.330004010006	60.9819448023118	17.3223903467629	67.1273676106996	1008.57255545859	650.554070982313	179.427984563344	40108.4317461214	3.48884798068483	305.77686142893	70.7268643615142
LTF	44.8967832341236	81729.0769950654	0	10.9734616262445	8.47503455048609	7.42303396329396	0	0.422279368349142	0	0	0	0	918.154734805866
LYZ	74.8561890504925	49.6236413137398	0	8.42449129451989	3727.02699066019	29.405534071393	404195.616384013	16722.7050529672	7.55497621545042	11905.0531938559	0.151657740958279	11439.2345307743	5.63944582298651
MMP9	0.118240464866926	1.34683557407008	0	18.4661350845311	406.272608401005	224.394468444481	545.20697117319	37.8462515502978	0	484.608675465478	0	4.36432804666585	177.147521870159
MNDA	0.0124304372006499	0	802.43427208049	33.1440627223031	167.581317608015	245.500793822088	15588.8727487226	7759.38679687351	54.4257870821852	390712.621172699	0	10543.1701167663	42.8455444632939
MPO	0	5.62034237711945	0	33.267296394713	0.0404332033269583	6.51537026589001	493.411926192279	5.57123039110563	0	0	0	0	5.30304213485498
PI3	42.5026704024955	471.102536242287	0	0	0	0.224095149425336	0	1.11710586974122	0	94635.863391173	0.644203373246706	0	10.554078648858
PRTN3	16.7528810621026	0	0	0	0.134210679196698	10.4945161375189	0	0	0	0	0	0	0.00836174605109395
S100A8	108.179392695369	160.275545765465	21.1962976994717	0	907.18729336672	1.07421334808874	11387.9527699665	0	0	508982.200747267	0	0	89.5148286149749
S100A9	190.650469477606	192.938507619843	0	877.815688524982	10515.3853357728	208.078893190264	121285.837319422	963.333322470068	0	2201445.93060853	0	0	154.874443159783
TGM3	20.9910280899935	0	0	0	1.22900296750765	0	0	0	0	2.32539817214243	0	0	0
ENPP3	3.83422023188229	5.33504008923063	21.5550608768127	0.231143754183407	0.980616050733182	30.0308439679198	9.44758074397008	51.9873101062037	10799.8172530826	0	1.04221182958117	0	8.3733429286772
CD63	14677.7860164045	8173.90375965785	1873.22933133779	1468.30312194318	6071.13911719959	6319.44114456624	11375.3951638421	24409.7460580569	76006.8067394402	5683.65170787942	845.31054559723	3134.75826352212	71479.0129541596
CPA3	0	0.0373284629797363	0	7.13055581587902	0	7.78911430097977	977.998286864198	2.08505991984197	3921436.00789459	0	0	0	452.985492919729
GATA2	0.0309474568408788	0.02111156767665	0	0.0199887880894526	0.0145310702777702	0	0	0	17342.8672485055	0	0.0499795995333622	0	9.16102605955671
GCSAML	0	0.297392269357618	0	6.30633165011691	0.58046718819109	2.54495360761476	0	0.136190828029004	5636.36727353461	0.0952227386799601	0	0	0.415701428573112
HDC	0.00751909554955382	0	0	2.05731774776543	37.1496395925363	4.31111630540187	9.05824502016891	5.70962911452451	155445.248229465	0	0	0	101.973836341477
IL4	4.1134488631572	141.717172274641	0	0	0	153.113212346428	0	0	0	0	0	0	2.03021171805262
MS4A2	2.40350564701971	2.51422126211763	0.205131306962913	3.27613516568075	0	0.0155154649113828	10.6848200582249	0	44041.3374214138	0	0	4.26394969014337	6.86547684695362
MS4A3	1.6593748694789	0	0	0.188721133127576	0	0	0	0	2114.99275934023	0	0	0	0
TCN1	0.988984519609257	4463.681305018	0	180.872267311487	77.5204559073349	0	86.377769253759	0	0	5275.87368947089	0	0	0
TPSAB1	0	0	0	2.09622760210501	0	2.25916452027242	520.437810077444	0	3048203.58720679	0	0	0	230.050281959345
KIT	220.703107613064	62521.6320434723	0	4.34632505054503	340.017905394284	75.0511928682871	19.1357582425417	22.8867021294413	223365.567917444	0	0	248.194426660712	230.498574106057
FCGR2A	1.58766617738165	0.621471607408122	0.688752006165262	0.119353769658008	19.9925589621804	47.2298468866383	7883.91613244668	21450.2895849343	2155.20990408037	39981.4307638951	2.36206546718412	0	4.37994403602019
FCGR2B	0	0	606.575572768687	13.1057124407637	103.703189560366	51.4002973544071	1545.23359415018	491.247196910819	79.6283292126153	502.215254720374	21.6915035495532	0	0.0240602658021981
CD33	0.0147922246330678	0.00402682936199256	0	12.6436238533396	35.9335852565053	2.17026589846823	721.354254442511	652.110306308785	1436.61050019355	0	0	202.939096630049	0.677102511878851
FCER1A	1.83103903516776	0	0.248873832134341	0.0559137584312743	0.0950887596834528	119.058419760586	273701.886765044	21925.6959074314	64214.2869578296	0	0	0	1.00543255509764
HPGDS	0.171803268935836	0	0	10.5848276179977	0	0.124478757874026	1182.87319253083	1995.52159978772	85285.2646627668	41.1908607418748	0	0	36.7870497713026
SLC18A2	1.11920435183148	0.168083758001929	0.364839946834948	11.5551520736864	4.99648162191289	4.7092900423232	27.9802245322183	0.681438225050501	31980.8504545567	0	0	0	11.8525787860021
TPSD1	0	0	0.15172248193379	0	0	0.0906051596731244	28.3164464557972	0	14890.0296400842	0	0	0	0.00521641015312842
ITGAX	1.09134176652365	3.09149602869491	12.273258608523	2.93363731683281	134.942581112964	324.77440619551	4478.25332183434	4146.83210512397	1512.81176400773	9229.88874933054	0	209.645312271101	0.340608504678783
CD14	25.5410636530462	3389.94433361672	0	244.998650255112	720.296176721186	348.86080811333	78208.4949460747	362742.344099989	549.631047321615	26107.5803457492	0	345.847120426025	432.461825259896
CD68	0.425056560023778	0.0247618782638789	53.3398421637696	0.882171551351997	0.241838713476388	75.6608133249267	214.403669948107	175.53303891686	0.159973158839074	0.189699613987904	0	0	1.22268703938969
CST3	10594.8137072712	1599.11380295375	58.1405164649592	63.9237257470068	344.153489875307	64.9271103342857	32229.2686134408	16870.1707267521	2046.66078159076	45.8177210743231	9.67349613035424	1429.90689067912	9663.25067704618
S100A12	20.938341426956	4.85339248011169	0	0	0	0	2415.67200626559	8.96427176762872	0	28204.4654570586	0	0	0
VCAN	6373.61321821028	4459.2077269083	1.67733505513045	10.4382863665724	57.3330210087326	0.0347616033514533	2724.47600418899	12.2761431844449	0.0325339339196901	0.636455034736789	0	0.0764304000232172	7832.13355857499
C1QC	0.529581366915954	0	0.138357923849722	601.431257865137	713.584869872339	295.053747742167	34920.3019138488	210096.536849197	817.121859062976	0	0	0	8.39733304787496
CDKN1C	210.374653564923	98.3665939264468	55.9298304795443	50.6247194676501	168.301454201537	74.3105029867361	148.619497429686	189.005792857411	6.59972372338655	0.485734888665647	0.80119503777755	0	344.722610880172
FCER1G	113.645302350873	14.5854435616834	719.671173189173	107.982974603445	4633.92313974597	8110.53072779577	178668.037830299	190865.72257864	88044.8281652548	46951.6685236744	0	983.469628348054	776.682435344866
LST1	1.03805237307847	3.82100973643419	330.460180887044	62.9421974331026	387.533162086794	150.507080442792	5289.38090114597	3044.92873266808	104.598583240454	17143.4496147017	0	216.024606570837	125.060331615175
MS4A7	0	0.00324283278101537	414.936140804588	0.494923317169006	0.0328608785522059	176.972650282924	4168.36781406272	19447.5775178968	85.502400996554	0	0	0	7.61189387734044
RHOC	1150.41061711053	1384.02344796117	275.38089792917	552.225134957629	1226.03688892511	1032.8199164812	1280.40724329456	1243.43627564268	1159.85705150256	0.256734612296559	5.80153656860811	1813.42253389099	3429.90534517878
IL1B	1.19645085906752	0.0580494052361516	0.320057157109615	0.0551697221891807	8.56981236883941	24.3771730907555	240817.622989219	340204.856725089	0.280034356742057	93334.4162329564	0.0839684056210203	0	0.168543575719748
CCL18	16.2378978991863	12.9825864101489	0.139990444650842	0.833240305110176	0	137.382925057278	0	555.417535857208	0	0	0	0	35.6776000890994
CSF1R	4.56095743205992	3.80553067833405	3.37627623831174	130.145040126938	2.0041593862585	45.0449527880183	26543.2948268301	78697.7413710919	34.7972816632128	39.2770584270332	13.023983617548	0	21.9778343875422
CD163	0.137210200494435	0.0702013493935259	0	0.0322459205028596	227.53386317872	23.8876591316343	4315.11502035416	20485.6243821441	0	0	0	0	79.6142756953979
MRC1	1.83119549873037	0.818496289458258	0	99.1275563422864	17.4603059866134	10.0817136876711	948.806086825789	6182.60456099008	0.576598107077989	0	0	0	0.349090473287486
FCGR1A	0.438355294647646	1.95639347439763	0	8.31296956267786	0.316657584862679	0.814204454356903	447.712542561771	1790.33512008925	0	461.127267667395	0	0	0.0684577685066117
CD80	0.537479718451048	0	216.378047263843	195.452190552381	0.0184682618692126	88.0153656709023	635.483278569226	376.529825169345	563.733681852466	0	0	4930.7720287264	4.01556990962304
CD86	0.0122114241326933	0	367.892151265385	77.0285416842975	89.6275306659973	44.8408033822264	10107.206222945	9071.97195011376	282.905605867409	5.97255915374084	154.735171640181	11229.1919819278	0.181026849750053
MSR1	0.160910432968888	0.389270923835801	10.2037856982215	1.13377899560881	0.198150084277868	3.82451650970726	1007.46157954046	3312.83949008898	0	0.0543283578787914	0	1.9919600338925	0.326856637634066
GP9	0.150096707561123	0	0	0	0	0.110616170549861	0	0	0	0	1.77537581991859	0	7.44828958455355
CXCR4	3120.39382737312	4376.1313204492	1758420.79157646	1312452.97071562	1563719.26152186	1649872.08307249	330835.077323352	188284.759632638	37869.6257906769	199039.135914214	14933.8285850497	1405319.62841652	5095.97035844743
CD34	0.0126064334851749	2.71454954098058	0.032997878932392	1.16737061281207	16.625846057348	13.5422152148961	0.0118544006465069	0.0560377350291337	0	13.0072040270999	0.00519082988990789	0.129879818774484	859.936086687381
CDH5	42.4180824365327	12.8230180653429	0	12.4805221308929	0.504061530023001	0	0.0708682640195163	7.81279657197556	0.0189271505553919	0	0	0	57.8977439086299
ENG	342.17309089371	166.632071905195	117.606107972938	113.477338179006	455.097031101687	280.116492580036	1199.77372804354	2311.20925392472	1261.3177601704	0	0	497.760082855151	5653.95446356132
FLT1	0.323811370100898	0.516236397648784	21.2532274689683	5.06907012784886	3.82785405830388	10.4749411383672	90.739583890135	3.32527631348209	0	15.5664439613338	0	56.428251397621	2.55122179959355
FLT4	0	41.3154324645226	0	56.8687005619365	86.0651114716251	40.7576879202815	0	0.798987230275638	0	0	0	0	6.46210245643651
ICAM1	242.521676138863	25.8337829932835	2548.42116446492	1075.24595440658	2980.90329420909	2096.87178188377	10778.9392511358	10420.7566032852	20383.9402755273	5130.04234356377	119.023736426433	10715.5811459976	1925.4150106635
KDR	0.0827361188410112	4.28404793831746	0	9.36790065938984	0	9.22177540425577	0	0.062577426245225	0	2.5202413451422	0	0	38.7684058739741
MCAM	8.89535629676232	119.6983515801	0.0358720566083502	127.656238383227	386.001622906438	27.365239179914	7.24977877233622	3.79759878460165	0	0	1.47869283735137	0	2623.54746747673
PDPN	1180.64093739555	9.50259412598306	140.073366086973	0.0198183955698893	0.754949654710163	2.13034839365379	0	249.255942221372	0	0	0	0	1383.97890264687
PROM1	39.9884684094147	2522.52762496639	12.3415936168561	1.34634419428262	1.00892437896324	0.823595875140896	0	1.12877689202748	84.4809793871496	0	0	0	17.7852205898684
SELE	0	0	0	6.62959619755978	0	11.6770610832048	0	0	162.282211357212	0	0	0	0.0293276499028115
TEK	3.97547602193039	0.313274848622026	0	2.01392180728298	0.126509494355446	4.77810573200431	0.29109556692746	1.74264485725124	7.35613644204495	660.392729621901	0	0	53.3300276352717
VCAM1	10.3311665137494	19.9601863968825	0	31.0130723143434	0.00399181618718418	1134.80211878875	22.7592295353455	169.6492387965	0	0	0	252.97217615583	5013.12466100235
VWF	4.10539297507276	18.4544472498643	0	8.32815715180258	2.8281590668193	4.43062950468624	1.21533964180855	2.44636641024714	2.19387413141961	11.5778669743573	0	0	0.4199377575547
CA1	3.8334770105374	4.93577660834286	0	0	0.0062464175827411	0.0219487717432132	0	0	49.0731183039905	0	0.0344097371265275	0	0.310699435088677
GYPA	0	0.0170411248119515	0.0409892937347388	0	2.61603073212342	1.74255903765081	0	0	1.60586894957984	0	0	0	0.36580361559409
CD36	0.180079191326721	0.0198965079299531	0	0	46.9667431998519	6.25709466973641	519.190298567294	73.3097388646119	0	0.202625723349223	0.325234251486419	221.501871515355	1077.1448263609
FOLR1	4842.86726377882	7836.06846652627	0	185.212569173501	0	3.23920760479291	0	101.093257642517	0	0	0	51.4699999504337	26.5740211644582
HBB	0	0.121494102867889	0	0.0778366786293606	23.625300905378	0.108772858110097	21.0225806276586	0	108.143592359107	0	6.90789420213656	0	0.286912322524778
HBD	0	0	0.466550927188807	0.0713438523963396	9.36742206264417	0	0	0	0	0	0	0	0.0205894518362125
ITGA4	0.0273395104477326	0.00228730600367514	393.487749557743	871.408523382335	1285.46404937069	1321.30435302972	793.810936614648	870.241554319176	531.804222939749	15.178806392874	11.7823607723888	764.820431761716	79.3706225960982
RUVBL1	547.22911575646	388.951264666379	363.655642917896	687.35049258161	526.012708606918	605.193584345845	129.788638237638	108.675171281216	408.654632721411	0	58.6831649172317	0	268.504091761074
TFRC	1789.90041475107	703.254957550833	2154.17246733341	2991.41826615523	1940.39075095849	2444.51881525657	1668.22375056237	2730.82149850123	1386.45070066932	81.1951158998204	68.7477958385949	1167.0860765932	242.610262448052
ABCG2	0.780082846251016	100.722847488524	0.0109736822330153	5.68473859446148	2.93353707304977	0	0	85.7221138125174	0	0	0	0	53.1569237184403
ALDH1A1	39.4742631037592	166.957257390836	0	2.20054346297235	74.2130978086149	56.0180854326693	575.116014370978	2774.80678391867	42770.4845790576	0	2.81112469108132	0	9974.55038854821
ASPM	31.8728685831289	31.1815972742033	0.0269619596865576	21.0261060333199	20.5505969678655	19.3609274319873	1.030698950598	6.94031732809462	0	0	1.83687298991752	0	13.5304804827725
MME	0.723839100660833	0.0650439928213561	1.51896513738667	0.10820500863945	0.174581103203906	2.36778585296599	0	0	0	3969.49139277577	0	0	362.912091579288
FLT3	0	0.330468573590103	22.4966245081194	0.163881128865175	0	2.33154355441388	385.020496764197	0.848386063589051	0	0	0	3427.39911241753	0.0895620287120487
SLAMF1	0	0	675.945780454481	2551.04836259923	4675.92614222059	781.614886879661	10.4999958326956	5.49240151014422	0	23.9934464613906	91.6022124610482	1482.84062393906	181.980650262715
ALCAM	99.4490846316434	569.171229832871	368.547905757568	25.5160967483246	54.1019047529617	40.917703947271	994.95052956757	708.949286370365	5.76453283967585	99.8292247349281	25.2272013635951	460.768925808929	58.9469785156289
NGFR	83.8338536028497	1.17440277382449	1.78513339935674	8.13004811455613	46.7488580999877	40.9799924555064	0	0	0	0	0	5.1851402850353	214.934688269059
ITGB1	7953.46839922246	936.330883683577	935.266876301845	2654.19198267099	1715.77398363361	2941.0491358385	549.022131392974	860.019020766141	429.42531413535	0.147178802414711	108.181686410937	38.8860097010027	8204.04345929783
CD44	3595.772107952	1805.21453813845	3885.22017343031	11096.7369482713	14295.7461892053	18449.0208343439	7302.04356473478	1658.9811138142	51737.9376169091	1370.71251255589	133.655499217401	6800.0129410567	2550.09592915358
ITGA6	4199.27194405376	559.978307408117	87.5388077176293	285.550919284233	53.9749780640017	138.914771235857	5.23861405444509	59.4199369170799	0.280113872216214	208.403530967752	47.815333245631	0	123.615043411333
NT5E	39.3492737976388	146.944270755607	1422.39322177005	55.9453242624448	137.956315874891	39.7592642951196	25.9616167176821	0.662944011607041	0	0.112685577873509	0	0	1744.26892021517
CRHBP	0	0.0146342947829606	0	0.007825383893657	0.00923325276982807	0	0	122.869690803826	0	0	0	0	1.36704716001922
EPCAM	9514.85429168214	20071.058092208	0	43.806747049389	351.298946329935	0.0684168967599601	0	0	0	0	0	0	407.998019790921
NANOG	0.262109599045062	15.7074365409793	0.0118968747635531	0.0481413197251635	0.0470022310793632	0.0149885626047606	0	0.83656667053621	0.192399425072307	0	0	0	0.548758201051766
POU5F1	7.77366651260857	4.26564923757779	0.778187925820321	12.2511501057155	1.65759565731505	10.1479746471839	0.255689548535632	1.77588974553908	0	0.705315345896936	0	0	36.370183041227
SOX2	21.5048428612343	8.65670838402171	0	0	0	0	0	0	0.147351878807356	0	0	0	29.1317766779918
STMN1	7963.45518396731	7267.07640607992	673.794204462877	946.819582078461	341.776724389713	423.410937953668	865.103070085882	512.086325896311	1902.46459926416	91.1849739505975	151.015413133113	352.075732625616	815.060618995104
ARSL	114.650555374378	98.6230605885964	0.0467805414201809	0.00865186026212238	0.00870616672961188	0	28.4896178404727	0	0	71.6389696394331	0	0	256.157067097027
CD1A	0	0	0	0	0.0480758286325768	29.0800049201638	3078.65423129037	0.0152507498645502	0	0	0	0.402421044825309	0.0120690852912268
CD1C	0.00586884704609184	0.0844136067425353	2354.54436755553	0	42.8916333082876	0.310965204613454	37556.3063792444	671.991518708576	293.817866298362	0	0	17769.2772833441	0.0127049584174137
CD207	219.997277365947	112.131223483961	0	21.2249648259324	0	146.21246779443	24934.509039141	769.372307118455	197.918294600875	0	0	0	0
CD40	321.34392337635	111.609749025692	8399.01324692556	297.30717878595	677.436715110388	6.31240610757785	1812.24953146428	3118.08039800075	186.10581360072	0	27.9431937345109	37714.8330106399	1102.72273582244
CD83	2676.0274022776	969.615502807231	229036.13887394	4190.14691926957	5176.58676617281	8692.28569376775	132611.718096837	122330.679401629	67164.0475756172	99.293346492844	4.57128824980555	383385.263210289	189.417189755122
CLEC10A	0	0.0090559085031196	0	0.0499953150453691	0	0	20715.1158023404	1626.1994308242	177.026218400338	0	0	0	3.66180569202645
CLEC4C	0	0.778190449386741	74.0301283408507	42.8930025493221	0	13.5832108991661	822.767770246167	0	0	426.736467962353	0	0	13.0424057562825
CRIP3	110.292006984149	11.2414439657162	0	21.231522942031	19.4034907453844	0	11.0502991901344	0	14.9629982090961	0	3.10887400350603	0	11.8190469597776
EBLN1	0	0	0	0	0	3.60407741121182	0	12.1876257634664	0	0	4.8659528527405	0	0
GPR31	0	0	0	110.668078884449	225.651176358113	0	0	19.6508649749397	0	0	0	0	0
HLA-DPA1	10.9102209204747	44.2133094740243	68416.5651555653	1651.13648158593	7197.9760369335	7288.39429120781	464595.516430692	547264.802303757	3676.72361380008	0.129608875079526	257.162782569256	100020.177549103	118.861521864477
HLA-DPB1	173.003685440647	151.897151565306	34324.5220321414	1417.3443264489	3839.52951297952	7699.63411965188	180088.157989967	162053.829878878	1184.54577743047	0.0647930638333643	102.756845372929	39779.0622087454	220.098972049851
CD200	2574.36062751819	85.3969542999406	2237.84967392218	813.192977689792	34.6954889396958	142.6260239704	0	0	119.93067530826	475.82393489813	6.5310713180846	6162.64776665708	936.847008295055
NRP1	312.936622131694	325.213799038189	26.3726725353711	47.6250838433741	31.5985886020027	0.361222967515169	406.537137447066	2590.53602192792	602.16042193049	0	0	0	2376.78735330017
ODF3L1	8.20293783503103	1.03562142536288	0.0987568279961711	74.1292750335378	0	0	0	4.21432030759345	0	0	0	0	139.726278792888
PRB2	0.709872040765507	0.138454789452078	0	2.512504910213	0	0	0	0	0	0	0	0	0.0346757741211206
ASIP	3.87230131327887	2.39991925279761	52.8818922847845	0	0	180.779694493735	2.15252874476771	0	0	0	0	0	136.896566528621
EPHA2	203.725593999491	558.374738161541	30.4940263357945	0	1.93742614970993	0.0700057319029315	62.5555367439208	44.4202497801523	22.2480492546235	0	0	0	344.306700969437
GPM6B	354.756521614169	1421.69454526459	85.6486540442087	228.881828643638	135.129625342303	197.625475614957	46.1792673018555	6.10719875359396	24.6947073387633	8.76695004506886	0	8.37341715064065	2871.69507954417
KCNA5	0	0.245547673830903	0	0.0151127310824016	0	1.14417943881379	0	0	0	0	0	0	166.064723077004
KRT5	23729.4862325156	24652.6487587157	0	0.0122968365750048	120.276786765169	0	2.04086824756058	5.55171767419002	0	508.812177337632	0	11.0873723278189	133.236681297235
LRRC26	0	48.7375930599167	0	0	0	0	18.201376639135	0	0	0	0	0	0
MYMX	0	0	0	248.322742669247	0	0	0	0.255600118207001	0	0.681145149424963	0	0	72.3571001837161
NTM	40.3208261643867	53.1359856010415	0	0.00475362096487693	17.2328720179558	3.68515234255887	0	0	65.4666071811066	0	0	0	365.164996186529
SCARA5	0.123329666421861	0.40110735187125	0	2.10045835808828	0.0417283811186058	9.22223454382357	0	0.0417623238788697	0	0	0.0628835284393908	0	1145.71058861093
SCT	0	0	0	0	0	0	3.00291505115488	0	0	0	0	0	0.632172038001741
SHD	0	0.0682318065824563	5.29977272295759	0	0	14.2067391811271	0	0	0	0	0	0	4.23747727120705
TPM2	38150.4245432744	439.733530048411	272.641258056533	99.6660209219858	99.8281543373541	1.13527378638745	249.008328258997	122.40367547853	0	0	0.429986318270115	74.3521040700313	16325.8716038263
CSF2RA	0.0228023486413118	10.0275453432234	20.4779312848848	0.542107122051911	43.520920308188	44.6543435418235	6687.58451867664	7117.1559070934	93.7692377918424	6169.17730982565	0	18811.5039903537	0.278295149648017
ANPEP	0.066679077786417	322.27129332606	0.0675549370000667	8.97695991407347	11.1443785662712	8.10302446146027	1091.04756347617	20.0355153764337	378.239814456995	10141.0479887384	0	0	2465.153063101
SPN	29.8412493535201	6.2881252175489	0.117242344127968	827.470316008439	621.21451695474	1153.79468738607	259.71058347215	124.886223125046	699.937171675366	0.0671339613311762	7.04447768088427	11.7406118893971	0.00179332682208658
CTSG	0	0.12523735129129	0	0.295930463436899	24.4092123410227	13.2641403349537	0	0	453864.386502389	0	0	0	12.8402070281941
CCL3	6.29455599900888	8.24872500502955	102.304934321502	9.24298461373161	147.877377883173	4646.30506933052	17160.9517186115	199079.657653415	0	0	132.832161794915	0	8.60480800524438
CCL3L3	0.522839321931062	0	0.105599580722036	57.9583135195357	181.995281087169	1749.56542771288	11382.3299053517	157949.473631017	0	14.5746163867446	0	0	48.3880780233162
CCL4	21.8654363810314	4.06731799207981	607.380427678651	594.286425923198	48517.1997467285	189067.47296075	23524.4971604524	163907.7466317	3254.43491778164	7237.20599359023	63.0404452939589	0	6308.75979334435
CXCL10	0	198.502706512961	0.44763966787629	0.748044824069571	0	63.6814723399425	23920.5564401432	1635.96181725781	0	0	0	3820.37837947898	115.005547606857
ISG15	305.779244457383	1069.34865694272	2070.27871740681	12983.2291607629	21324.9224497454	8874.61878531714	5202.31487534716	7352.76656651316	6929.02741156314	8038.87133647435	76.4901623988124	1628.80632753411	10660.5369902752
IFIT1	84.2000562349734	71.999344063657	194.300455690666	52.0776663893897	2.1868399049169	0.0256623589570609	174.274925350662	129.690059115698	561.699855210111	1033.81012473296	0	0	542.315898629124
IFIT2	21.8316025502098	720.159000150679	2474.64019029437	0.603987262992937	90.0461324346439	345.061937435743	360.113815134475	633.69910935312	311.684579560579	21664.9026408621	0	275.134045931279	482.254226267297
IFIT3	9.38475549254629	87.579418869014	1786.54150828532	388.578507563032	36.7372305113747	312.516341371118	1209.66843764095	540.471238228321	4908.97934034276	28823.9953660054	0.220980812465392	0	1902.16834248906
IFIT5	124.538077924513	226.078365341228	248.68842840983	299.006747881824	509.378869157801	164.776264055046	341.582849248574	268.744413574721	772.695693981649	5.46261855175174	6.27886344811705	0	371.13293792725
OASL	0.293230208974281	14.464383399943	464.113883306142	956.994582807572	3349.92014644676	3590.38142567994	525.598338460778	113.078463970803	170.158397937317	226.182545577449	0.593754428247789	0	43.6131015795886
RSAD2	0.0146761220168563	5.96779694380175	300.754047247756	259.091110165939	264.786636540219	470.206769802685	87.0645942621465	0.652499620671743	1205.07286734349	1688.98070710393	0.735982079688644	0	97.7941777818761
ERBB2	193.31215519703	322.357779171722	16.2023208819675	13.8920339832192	14.5975550786857	43.0024573828804	0.0113600959749339	6.92570533951463	68.3357012860097	0	2.86433723758457	0	71.3538823195905
FOLH1	175.823537622002	472.325762110007	0	0.101865713815841	5.00480544483982	0	0	0.448502164354134	0	0	0.146071343769513	0	73.2033842863394
KRT18	3098.98180651946	19703.6569643846	257.594838284183	228.483321098763	242.579009172088	46.2807155730423	73.0012095582158	29.5147398202677	0.469636999106224	266.280210043367	13.0161623817516	0	1613.44565098269
TP63	2412.3986284807	6.1937876357172	118.230806746179	9.98134738897249	20.1068894082595	3.98962442439179	3.41644124918325	0.321058493088091	0	0	7.50009000407652	3.30602165667155	84.5115565531503
TP73	948.8377466462	14.6380133983689	0	0.0728084505526068	0.0939569492703451	6.20848841128724	4.5396704811347	11.4285678459247	0	0	0.0541077228710723	0	0.808574073453432
CAV1	12404.3378023328	232.484891381447	0	170.696320594224	0	0.016894295327016	1.32436057587826	0	0	0.270731330152225	193.97904847011	0	10015.483440347
CDH3	4638.19963050533	290.145781377484	0.0438972618506127	28.0429185950224	0	14.8425232405645	6.10980354583289	0.0193685588696153	0.0623384186498874	0.318629757978805	0.0229347077941241	0	98.1089561868861
KRT14	925302.856095585	1052858.59557813	0	1.84667921422577	0	103.715177255039	38.7960699647623	116.364109195496	96.5146806773267	527.164897139751	0.840626389846099	420.706272570237	1043.54624965383
ACTA2	283664.092555526	2958.60073752257	37.6236300416564	599.985934363893	1239.70350052226	843.012233553792	7.75317904240418	243.587287872849	2.31812120507804	835.225659910916	0	285.534411326377	112791.721397806
TAGLN	59990.6821365303	1446.18637176693	302.755233832133	112.662977993629	72.5068490646825	80.4635418940741	130.069702505181	43.6926175234544	0	24.0589088008739	0.139492704024055	87.5653984913136	29629.8977790226
MYLK	2395.80080213776	8.39476045242618	2.42192723555603	9.87374410200992	5.19598615136725	7.36979891772812	1.22042451002706	1.85953958779188	0.221920639418901	0	1.11352396514901	115.429381477108	468.477150962325
DKK3	4033.30515624169	43.4166092234805	0	58.4524455477546	64.6574418101394	676.20784562231	0	0	0	0	0.0197925112111455	0	1621.15009959359
EHF	414.529351046248	5442.29016408769	0	0	20.4889585264526	0	10.6554244152233	1.88209320715276	0	59.0935000611782	0	1423.78822895328	117.134963188009
ELF5	0	929.035527406877	9.66190700615558	0.16488070232969	0.0970634637467543	0	0.16192542559589	12.9364335903906	0	0	0	0	27.6679651290646
KRT7	1327.54701085816	40042.9436707472	167.571384184162	0.251852923526958	0	0.535912393023453	2.94202322925988	0.292272970292517	0	0	0.0240180096175392	0	307.448057343687
CLDN3	6.57519223748469	22249.6331454819	0	0	0	0	0	0	0	0	0	220.542481019813	338.416734151017
CLDN4	716.772452848255	55099.8336676092	0	0.011150927455278	2.24452463637819	0	0.0424267139149706	50.37986667848	0	0	0	0	3493.91151655981
LGALS3	1624.1013447099	19456.0337634906	16.0366329208329	1920.74011527325	6629.27492697019	2348.24259133439	11135.2606852957	7338.91596814059	27091.0116870245	0.725013732390758	96.1916226002334	1403.31772652473	18374.4703123797
LCN2	17.7036153638097	3462.04328927963	0	0	0	0	0	0	0	80.0066927729628	0	0	8.44129265460229
SLPI	344.314439365704	74867.6989872917	0	0	0	0	215.561477305208	0	0	24097.8386694232	0	0	1722.17396056332
COL3A1	13.6918984456127	1.24101847259446	0	168.206979076885	0.0117341438848927	38.7832441345631	14.3208940103371	31.2850284980894	0.0793406532987902	466.396054732274	0.040734046772418	0.264316042377478	1343520.98178107
COL1A2	3761.32209319544	168.84117717181	0.0766126389055077	126.80898482062	0.0123424117467293	7.50350083444644	57.5546614563149	11.2234983198415	0	207.03672707468	0.0044113692976303	55.7619387329419	608526.802724549
IKZF2	7.50615207894632	8.9245486921093	0.491251897945068	246.182561286584	48.214048145717	29.0114522571851	2.36388473020804	4.90816385471131	0	0	0	0	7.36592626976476
ENTPD1	3.44166664850636	3.05417548517002	303.552110717467	401.370295520425	43.3209735693953	61.889047151482	752.79919182672	693.593789847033	0	748.099085911702	38.1244363700814	53.7957235820355	402.054057383148
ITGAE	63.9375610400974	70.3788911516338	618.632398610081	199.698307827439	2446.50639610916	2197.53428209151	115.863546017333	54.7640813125686	214.719149341483	60.5031502497461	19.2732439152386	25.4043463360453	179.953500488712
TNFRSF4	0	0	0	232.977920375762	2.08052563692223	0	0	0.999343286392903	0.333677839949096	0.336485405884892	0	0	0.557638651525621
CCR4	0	0	2.3381972542527	6500.18619808022	5137.48435042653	2878.63102042365	0.144486616227361	1.13433067533723	26.7355548528865	0	0	0	5.70853614471685
LAG3	42.2123538232777	5.88485798974676	1.43840728078985	227.759756810559	720.02211714179	1292.87840128459	0	10.3119470735745	0	0.163416631922921	1.50018064452558	0	5.54545628070668
IZUMO1R	0	0.184422478706521	0	0.221386318940223	0	26.5150222752634	0	0	0	0	0	0	0
CNGB1	0.0276334785536418	0.00392422318271982	4.32928524989872	13.393751237025	9.99400148317749	1.79468763882208	0	0.643991546152293	0	0	0	0	0.0631351768745947
TNFRSF18	55.4562886990377	11.4943899248527	0	5652.95408159257	4952.68503149943	1094.68446015738	24.0360254608249	167.617389917332	1296.43101528292	0	25.6030116407898	0	5.69923293722819
MAF	2.75518877916986	5.49888930716758	0	623.093434697982	573.067514164691	320.195915204509	14.7773646798454	467.280341399329	0.214859329338989	0	0	0	113.38982057138
IL10	0.401136766061643	0.48528444921512	5.55642943151132	394.151039907609	2468.54491732109	5351.40481798588	2906.86742863616	1316.54028223748	0	947.550823408391	20.429661207309	0	75.5804727287603
IL1R1	71.2715119847722	111.810636423534	20.0980878838588	318.000741708369	208.56232764571	85.063354335232	330.12785001491	28.2179349785122	0.232178386264496	124.938027407898	0	647.238977805476	871.058093630526
ITGB8	137.400399999757	178.156344772442	1.7970593945627	5.9234725367001	0.00787386521151795	4.05495972743177	1.90650107883435	6.24099020663104	73.9566464234	0	0	168.139654143263	27.1623010524941
LRRC32	0.156008062502647	1.81125874492757	0	910.183757337184	179.275110485211	3.57977174554467	7.94857708046511	0	0	1.96039219092017	0	0	2782.78546505023
