Mixture,Myo,Luminal,Naive B,CD8_Naive,CD4_Naive,CD8_CM,CD4_CM,CD4_EM,CD8_EM,Plasmacytoid Dendritic,gdT,Treg,CD8_TEMRA,Macrophages,Basophils,Neutrophils,MAIT,Plasma B,Myeloid Dendritic,CAF,P-value,Correlation,RMSE
P_01,0.444201731722912,0.210021398709442,0.0195729263112385,0,0.0555557238566496,0,0,0.00698966023879482,0,0.0232784896245306,0,0.0116965943529844,0.0402214408696086,0.0291254371351258,0,0,0.0109571416683493,0.0188933939463174,0,0.129486061564047,0,0.953627631890569,0.451817807294356
P_02,0.288943133327851,0.269138045305299,0.0299565529236441,0,0.00509227065702597,0,0,0.00450513301981852,0.000763405591743938,0.0371743611109853,0,0.0219798277907532,0.0317946242800824,0.0693067029781042,0.000246958108116628,0.00275684062511664,0.0156041090370225,0.0415088709926837,0,0.181229164251754,0,0.91473080361081,0.516103705222107
P_03,0.208785336348133,0.29369598719137,0.0203334370743025,0,0.056448219847409,0,0,0.00660194498402264,0.00348284966453995,0.0400766099996786,0,0.00609239177652308,0.0158019728416803,0.0210229278017943,0.000799753496505637,0,0.0141420349308023,0.00626967479068433,0,0.306446859252555,0,0.950513413875846,0.464970886747579
P_04,0.673058890186253,0.16200773762122,0,0,0.0192125552007181,0,0.0245922528846447,0,0.0113239317744051,0.0390296983074951,0,0.00204417684262148,0.00755909812480448,0,3.61836558901588e-05,0,0.0128038681674033,0.00256351400356693,0.00445446914914072,0.0413136240818366,0,0.929063772666011,0.433679264721307
P_05,0.234266351389231,0.31710266122213,0.0945487441473204,0.0371722788420577,0.0510521413856307,0,0,0.00531114528179186,0,0.0310645244651169,0,0.0786306718252053,0.0660712273738175,0.00979940552761681,0,0,0.0231492962262616,0.0371861080960038,0,0.0146454442178162,0,0.786983365434055,0.648683136720323
P_06,0.607430709455056,0.0642759688681978,0.024790708059317,0,0.0670374859555513,0,0,0.0317599904786456,0.00136618375159955,0.0122449256778398,0,0.0111916696592763,0.0408123291867926,0.0373946324397863,0,0,0.0215059512552028,0.00928939410869159,0.00501746416102497,0.0658825869430182,0,0.924917382836826,0.484519645173886
P_07,0.248205192320079,0.179939726904779,0.0323752030809757,0.00659516924133312,0,0,0.0786773561376267,0,0,0,0,0.00842820177363436,0.143833034482643,0.123460452131832,0,0,0.0585386670537397,0,0.00124389726820931,0.118703099605148,0,0.781832370680398,0.665048268985345
P_08,0.498455674871685,0.186064646854495,0.00237281555896359,0,0.0699842141127049,0,0,0.0366041271357236,0,0.0356103818429656,0,0.00733701384970523,0.0283117785888895,0.0139113493110162,0,0,0.00728340802763543,0.0490698413424969,0,0.0649947485037187,0,0.861090355486197,0.560778365107007
P_09,0.393371584360709,0.372498448445119,0.0171286958435378,0,0.000196843125144467,0,0,0.0310826841295732,0,0.0159528305448078,0,0.0342102318484482,0.0475078399315272,0.00517415009656697,0,0,0.0120722286019234,0.00975351920314651,0,0.0610509438694963,0,0.838149398374166,0.574628780457927
P_10,0.529701251849178,0.291680790441994,0.00475436756623466,0,0.0476912699394687,0,0,0.0286870098158585,0,0.00321034594444215,0,0.00549986407536993,0.0296848748481334,0.0116638022327169,0,0,0.00981590689484953,0.00892722297468739,0,0.0286832934170665,0,0.831894489615364,0.572793903900479
P_11,0.73419888497379,0.130710380522414,0.0131492253703667,0,0.00436297448528363,0,0,0.0106605285573998,0,0.00627038829078266,0,0.0132317263376943,0.0162071888152128,0.0224414236971382,0,0,0.00535519577760884,0.0126028482779326,0.00230185792924304,0.0285073769651333,0,0.965034630849972,0.357573302661814
P_12,0.341940445910214,0.381647686958438,0.0256610872782753,0,0.0779329182848262,0,0,0.00531630938844661,0.00914489609228775,0.00878921250695332,0,0.0215859766766104,0.0197316846938025,0.0254827879416851,0,0,0.0209857667966645,0.00722993974395716,0,0.0545512877278394,0,0.917798737295671,0.48310517793937
P_13,0.523773521615243,0.344372521879225,5.69743058416788e-05,0,0,0,0.0382134098553776,0,0.0113658494674603,0.000745982167814085,0.000427256409007594,0,0.00451639495362095,0.0316007917411431,2.442948798772e-05,0.000134368908894332,0.00489378680454449,0,0.00686719460380648,0.0330075178000336,0,0.97463167027147,0.342878941114276
P_14,0.560013564872875,0.17868676934679,0,0,0.0384075751206696,0,0,0.0354943495899607,0,0.00929191581737203,0,0.00166964070525197,0.041314545274409,0.049143642134339,0,0,0.00850748610045675,0.0168405638235304,0.00890109680759156,0.0517288504067539,0,0.903319032827255,0.498595352290721
P_15,0.658936391266138,0.126888378635665,0.0220998420125992,0,0.0445181108562145,0,0,0.0230192221269503,0,0.000429052510093458,0,0,0.0397840579763524,0.017811306750303,0,0,0.0115062838328651,0.0129961422984433,0.021189924614945,0.0208212871194308,0,0.872079331311103,0.52643434129274
P_16,0.388967890635574,0.100487493205596,0.0575598050519621,0,0.0638898991675124,0,0,0.06741078962341,0.00485019108564934,0.0315958359931539,0,0.0446039487615679,0.0634330213267332,0.0444956943327378,0,0,0.0217268883552544,0.0462523705772073,0.0170701547703822,0.0476560171132589,0,0.739531852690427,0.695873921788263
P_17,0.138680201862787,0.659906275841803,0.0152795252978554,0.0072843768859766,0.0237008303143966,0,0,0.0213144735282647,0,0.015379588330347,0,0.0189113813069808,0.0337823995622505,0.00272692595480323,0,0,0.0125176247696698,0.0138677555257463,0,0.0366486408191193,0,0.765166156082509,0.648472122927089
P_18,0.169567126702843,0.227749732506902,0,0.0631619832918515,0.128075623087933,0,0.0147169193817454,0.0173124249790321,0.0535706890531049,0,0,0.0843543587032822,0.0474050635889738,0.0541434693354294,0,0,0.0541982701279044,0.0746691514030044,0.0042838630054547,0.00679132483253948,0,0.55540879325484,0.831283645743641
P_19,0.409027136711184,0.128282860623284,0,0.0329162154124458,0.0498260617411414,0,0,0.0613343733046113,0,0.0332126804712782,0,0.050382560788076,0.106522309566318,0.0645006462920922,0,0.00874100097310026,0.0201217799051217,0.008323259863676,0,0.0268091143476706,0,0.761817112726761,0.677079374566537
P_20,0.851698351616041,0,0.0264645452824833,0,0.00287175925867288,0.0222479374506358,0,0.0227063204893989,0,0.0031306807017762,0,0,0.0012703107326308,0.0294470367378975,0,0,0.0160748870564629,0.00147553952515424,0.00237038186662274,0.0202422492822237,0,0.936935250848474,0.409198807715692
P_21,0.419472067897412,0.331021049103556,0.0105718574556357,0.000991627389823222,0.0299876556992309,0,0,0.0353234854077227,0,0.013292172849153,0,0.0158676051492533,0.0270474643999383,0.0310813631730347,1.91767780715221e-05,0.00044933762245918,0.012875267209549,0.00999086157069813,0.00113222473841741,0.0608767835560444,0,0.936516565077842,0.451477757924421
P_22,0.367913887410935,0.149786352131218,0.110996193346567,0.039491611610686,0.084023680207793,0,0,0.0076064261660029,0,0.0417917271243118,0,0.0368606630673475,0.0371264566295851,0.0396220761977386,0,0,0.0363715066871162,0.00916611792251681,0,0.0392433014981817,0,0.835490308593265,0.601843768904033
P_23,0.466001752020943,0,0.0168611787490958,0,0.0606358213327324,0,0,0.0153145133266574,0.0137103638137805,0,0,0.0196640458235421,0.0415069407881219,0.0766521323253272,0,0,0.0160153399980122,0.00303056175662734,0,0.27060735006516,0,0.919445892454574,0.5187582357995
P_24,0.226359581418526,0.471824345598604,0.0136521654736885,0,0.0326422511058487,0.0012315366141633,0,0.0108615303579036,0.0108406493583404,0.0311291453194575,0,0.0207922153129859,0.0049817561958946,0.0305013545783904,0,0,0.010807706056395,0.0258907517042689,0,0.108485010905533,0,0.779283655904223,0.642216624297051
P_25,0.407932820272898,0.211045680948407,0.0198488182711732,0.00824141460910276,0.0461786041249953,0,0,0.0265279357780457,0.00358087757747916,0.0568722258629883,0,0.0156490652978703,0.0228693742435869,0.0271238673088754,0,0,0.0199692869486482,0.0393301409090789,0,0.0948298878468508,0,0.883190263175533,0.548083233332726
P_26,0.305836115467496,0.515657005985912,0.0102503886798383,0,0.0281958220779911,0,0,0.00509341093956618,0.00160974620791555,0.00638202397940263,0,0.0070926095286171,0.00963297228638663,0.0190123824171658,0,0.00110546956063642,0.00858879530853273,0,0,0.0815432575605396,0,0.797374017705268,0.611691945268665
P_27,0.582707112049797,0.0999150125742293,0.0131472703626949,0,0.0130737059071343,0,0.0622388849308342,0,0.0453369456315407,0,0,0.00446170107265867,0.00474928995478705,0.0394334298934408,0,0.0142859277867959,0.0124738135165165,0.00492182232598329,0.0143770951203277,0.0888779888732596,0,0.868367055926984,0.55213432672176
P_28,0.56408187225416,0.0935286946444822,0.0297329769936652,0,0.0749367979329497,0,0,0.00413044111369888,0,0,0,0.0185179667490145,0.073503375389247,0.0644573849702188,0,0,0.0193351061911532,0,0.0213790100936627,0.036396373667748,0,0.788430370662446,0.637869820145383
P_29,0.35151469796575,0.279569550968005,0,0,0.0279290469079144,0,0.0609682798626183,0,0.0731052616165385,0.0375915381291639,0,0.0359407232433542,7.79386297092864e-05,0.051030533499594,0.00287995421963879,0.00191418661478884,0.0201619520828826,0.0188413385191511,0,0.0384749977408903,0,0.867868574664327,0.566276970912159
P_30,0.374454543347659,0.440901597052477,0.00693803234923247,0.00183393514738982,0.0314247986608161,0,0,0.0380921476668598,0,0.00191861366226091,0,0.00759089847996219,0.0416987095547272,0.021041639270518,0,0,0.00953229127807616,0.0054840180469154,0,0.019088775483105,0,0.769391660616263,0.644365676631302
P_31,0.568032065785048,0.0129198689928872,0.05469643951076,0,0.0212934605985851,0,0,0.0775958451145698,0,0,0,0.00747288321215924,0.0730225730831045,0.0616957320036004,0,0,0.0382744767705898,0,0.0239175182055976,0.0610791367230989,0,0.8333972879065,0.602462380273334
P_32,0.445865659996222,0.169868623005122,0.0212791838989838,0,0.000859842023515022,0.0226110028229467,0,0,0,0.0207082853734305,0,0.0390292085587981,0.0413328060182513,0.0881330180907979,0.000119290934514078,0,0.0283772759377776,0.0501570887795056,0.0179430303812075,0.0537156841789272,0,0.691282321074182,0.727684104568068
P_33,0.485273140693079,0.236507235777028,0.0124626194900285,0,0.0446103097031669,0,0,0,0.0348444810075541,0,0,0.00702952268899247,0.00909550250283109,0.0685323026735756,0,0,0.0139346618161884,0.00779244519139459,0.00473994101339252,0.0751778374427686,0,0.908937944609458,0.493971359793505
P_34,0.784329581697416,0.0208513218235415,0.0067957172714312,0,0.0341305975980335,0,0,0.0118225114231598,0,0.0178916730399688,0,0.0110811343262141,0.0205439907890075,0.0103972365264263,8.29394250371364e-05,0,0.00637491325073313,0.0172803739379923,0,0.0584180088910386,0,0.781351101322937,0.629605605514339
P_35,0.579534293001897,0.158931003313129,0.0152158345665371,0,0,0,0.0142850631192265,0,0.0111449948025408,0.0229535232653986,0,0.0307448785476422,0.0290406772611453,0.0332134134968469,0,0,0.0195145165299772,0.0249836528509305,0,0.0604381492447287,0,0.901706019184882,0.50045326114751
P_36,0.559207081757075,0.0103776333583201,0.0386132217321077,0,0.0482980304591444,0,0,0,0.0161859896564706,0.0311058434979418,0,0.0388987098440969,0.0194319277902132,0.0606771579117445,0.00267588792068459,0,0.0258472406310512,0.00751988332199631,0,0.141161392119154,0,0.875859040274296,0.559114973183719
P_37,0.688390342442462,0.111256303799229,0.0241963458357311,0,0.0781779787877612,0.00512944259559579,0,0.0186025943650766,0,0.00702095966512915,0,0.00520831151139659,0.0233706266878926,0.0178350825436379,0,0,0.0109615451410794,0.00403633441085893,0,0.0058141322141504,0,0.92458355272879,0.448606645054664
P_38,0.539197691425182,0.155989059752815,0.0256429080643271,0,0.0528665726420087,0,0,0.0308062760401021,0,0.00489044210093523,0,0.0163680761552376,0.0468811519279714,0.0405418502648707,0,0,0.0173302554824161,0.0189596563994242,0.00456705492291718,0.0459590048217934,0,0.860898341677303,0.558724196326339
P_39,0.537132713733036,0.261819203239287,0.00125012013632003,0,0,0,0.0510018006080029,0,0.0115984350298235,0.0036910167849661,0,0.0127823873801756,0.00185132215558068,0.0414388730775075,0,0.000905228710529687,0.00724389673343569,0.00686145893581956,0.0123585356115661,0.0500650078639496,0,0.906392110156486,0.480111154731502
P_40,0.645894903261879,0.0551937023485376,0.0595152516409465,0,0,0,0.0225399193697653,0.0246380011721955,0,0.0425402428739967,0,0.0504213538212844,0.0238623393323741,0.0236044799483105,0,0,0.0172236507611357,0.00492437117393986,0.00263512957213943,0.0270066547234957,0,0.892297402584208,0.517204415674654
P_41,0.36711910831315,0.247242487193641,0.00859765913039093,0,0.050376461843184,0,0.0280784112667426,0.0311324271289589,0.0289439475037197,0,0.00204090212454443,0,0.0154113053454315,0.064749704979963,0,0.00595344322598119,0,0.0314597691921261,0,0.118894372752166,0,0.803631520079907,0.630043219115148
P_42,0.374351055863524,0.257385627818883,0,0.000643551245039898,0.0445899403313261,0,0.0739580533784112,0,0.00843120141497851,0.0428584187337386,0.000620731764115615,0,0.00116822164003094,0.00168487727397253,0.000194291751416904,0.00956079403875176,0.00803640344804545,0.0435913642111857,0.00581619086597642,0.127109276220604,0,0.95436723894691,0.460047725230043
P_43,0.663429804333654,0.190199595087639,0.00128532082126688,0,0.035035453208374,0,0,0,0.0164483936747123,0,0,0.0144908077677309,0.0163171953568918,0.0128409386469441,0,0,0.00834760142407331,0.034309116516494,0.00307863352670103,0.00421713963551862,0,0.858662932227816,0.533210529052328
P_44,0.177297688079137,0.449731708121506,0.0504486841898025,0,0.0644678858901292,0,0,0.00545132994009471,0.0317412604164026,0.00961355166601567,0,0.00908848489224827,0.00640389388926293,0.0146920221357484,0,0,0.0203295727231064,0.0059302213959112,0,0.154803696660636,0,0.766580900934977,0.65959452782719
P_45,0.630085181397369,0.119814875211145,0.0116489135339058,0,0.0494727451450074,0,0,0.0103002263663512,0.0226166796222486,0.00442663840627433,0,0.0239736719756807,0.0411470949462871,0.0258306303371473,0,0,0.0173394256581031,0.0197420148819383,0,0.0236019025185427,0,0.941480581852118,0.441797541479403
P_46,0.107433728342503,0.570337320616459,0.0326326879406315,0.00163211248209946,0.0582442311975309,0,0,0.0303372971247907,0,0,0,0.0125375200957428,0.0255657539042566,0.0555851570664955,3.96325695793525e-05,0,0.0155261046118981,0.0266974741623673,0,0.0634309798856454,0,0.763936927698689,0.657988931615378
P_47,0.54752270960598,0,0.0205913814822351,0.0157133287114738,0.0725323280133812,0,0,0.0214028494985216,0.00811316353271099,0,0,0.0314261711358178,0.0624373475386212,0.00895967476728538,0,0,0.0345740252370407,0.0665758295425534,0,0.110151190934379,0,0.4886543774132,0.87655029642469
P_48,0.218412799355569,0.0912003379125046,0.031905282493893,0.111105056246279,0.221575950133161,0.0153649897424671,0,0.119856902861302,0.0529031906099995,0,0.0180641275803159,0,0,0.0329601348539553,0,0,0.00969791805639565,0,0.0726406691179569,0.00431264103619995,0,0.178833086865928,1.06552877158537
P_49,0.358763149355042,0.122334914707599,0.0803417671881184,0.0148638221990555,0.082302831681311,0,0,0.033617938380769,0.0106348730534801,0.0241014021572416,0,0.0310568671881447,0.0338255052604919,0.0777391783231311,0,0,0.00044749055662676,0.0326246252243511,0,0.097345634724638,0,0.924187712963866,0.519618906387381
P_51,0.272435430613228,0.541953785669977,0.00593601991471967,0,0.0548556772252501,0,0,0.00993632304377808,0.00496054368666283,0.00219020090982161,0,0.0150611567993931,0.0139287993352297,0.0203284464355154,0,0,0.0136948345227352,0.00496745886144521,0,0.0397513229822434,0,0.772025886135835,0.640819171378253
P_52,0.280411602865087,0.376265917804904,0.00631890967854019,0,0.029863938464879,0.0149942729176234,0,0.0357087781435006,0,0.00633754139477755,0,0.0147791346955212,0.0311744348000145,0.0297425667479169,0,0,0.00684558103679404,0.0422866591101755,0.00191094583424176,0.123359716506024,0,0.807033569726465,0.621124251928967
P_53,0.566124391523896,0.114105496635928,0.0377074275016356,0,0.038544182336207,0,0,0.0260086663491255,0.00670899074861657,0,0,0.010324257651063,0.0148857126689421,0.066505097501417,0,0,0.0137035339673304,0.0239964947994277,0,0.0813857483164114,0,0.942002958443027,0.457208205983481
P_54,0.227287620066189,0.56007410907883,0.00948004664387639,0.044058035312121,0.0719032944270115,0,0,0.0168118271397555,0,0.00626823919170084,0.0125065514108381,0.0259472234775531,0,0,0.000257602428606247,0,0.0100607433644265,0.00300008147940595,0,0.0123446259796857,0,0.773786105524766,0.640546568259659
P_55,0.349882347722334,0.233016767369925,0.0158407466193878,0,0.0625829892380555,0,0,0.026016190284688,0,0.0195699205308025,0,0.0416584897557216,0.0551499473255477,0.043663544088063,0,0,0.0182906705534979,0.0430148877333073,0,0.0913134987786699,0,0.93424370681658,0.503677629012001
P_56,0.33704719029444,0.263982345834315,0.0600086754667455,0.00955419315319388,0.0248827519360423,0,0,0.0440854505150566,0,0.00223255074673498,0,0.105512883588125,0.031296774320084,0.0398042535528905,0,0,0.00533165315860337,0.00426259123047523,0,0.0719986862032937,0,0.784642538543994,0.651464469706858
P_57,0.291383757844626,0.321889452781258,0.040990204189083,0,0.0665594315181094,0,0,0.0434262699986139,0,0.0191488629917747,0,0.0352972354120938,0.0329153338745338,0.0252640328822795,0,0,0.00619326938241839,0.0043281462341367,0,0.112604002891073,0,0.786052196480284,0.646623212448654
P_58,0.37641040179619,0.403341827758907,0.0157520459244132,0.0745193751318706,0.0520969782419358,0,0,0.00356831724522486,0,0.0121788862010596,0,0,0,0.00413166360708207,0,0,0.0141558945054195,0.00481706670925114,0,0.0390275428786463,0,0.770663692303754,0.644588072068902
P_59,0.267800597622388,0.619927203954795,0,0,0.0125926095126599,0,0,0.0159346098048216,0,0.00464656555123588,0,0.0204777606868177,0.0211907421442643,0.00626036678883618,0,0.000470047835284047,0.00458339314227746,0.0168794174589993,0,0.00923668549762097,0,0.969053148455898,0.344004651795161
P_60,0.475766025814102,0.383032177290066,0.00546762961945997,0.000602175089682624,0.0506836146298745,0,0,0,0.00397277375203479,0.00494848883822445,0.00249570985700223,0.000952697985459087,0.000249836456076215,0.0192740601829612,0,0,0.0042550198062185,0.0207991049791202,0,0.0275006856997184,0,0.919635596260412,0.44361334092503
P_61,0.211408512530476,0.572964684022123,0.0238362207762281,0.00140899644928636,0.0396096854761097,0,0,0.0140326278639929,0,0.0124190519871523,0,0.0142813204790213,0.0200617527496446,0.0104455819577314,0,0,0.0114545034267269,0.00462763383877648,0,0.0634494284427308,0,0.848912802568032,0.555328509705638
P_62,0.237015496852945,0.588869976551369,0.0148199436239536,0,0.0635368133334514,0,0,0.0154647912599909,0.00722825392030658,0.0034723304469902,0,0.0137221326625385,0.00898791518440824,0.00677910280157941,0,0,0.014706712431677,0.0150477688464521,0,0.0103487620843389,0,0.77395371426026,0.637667235991552
P_63,0.513244216853886,0.289074070313806,0.00429137780623828,0,0.0398557184899471,0,0,0.0193546657099479,0,0.0109363661984235,0,0.0145750712305639,0.028168459714601,0.0184360905485308,0,0,0.0112443661325978,0.0320942051665697,0,0.0187253918348878,0,0.923904915994374,0.45417875417406
P_64,0.418243319249972,0.437522536226959,0.0110355816708335,0,0.0290113669647686,0,0,0.0127949321306501,0,0.00268747274386389,0,0.0179700219629847,0.0140712232339232,0.0201809335076756,0,0,0.0106717685577697,0.00440989716006262,0,0.0214009465905371,0,0.941529782362507,0.409987696776455
P_65,0.328569386823601,0.337655752610654,0.0140466811775029,0,0.0782888605426436,0,0,0.0046519728850066,0,0.0376234349636189,0,0.0344501527680554,0.0297558813938299,0.0517204691158032,0,0,0.00744617271221366,0.0226896369856631,0,0.0531015980214088,0,0.922329582505038,0.491591808435263
P_66,0.68514003745945,0.191207727853037,0.00721658458667225,0,0.0126651477586905,0,0,0.00291928936853596,1.14422659438643e-05,0,0,0.00827790177211855,0.0146017513531164,0.0303434273678924,0,0,0.0098415779656714,0.0104673607431325,0.000200217405247287,0.0271075341004915,0,0.913334841679886,0.448350346208923
P_67,0.421854914400923,0.240390419012418,0.0175633136524941,0,0.032251798210116,0,0,0.0176229241838563,0.0021336746711258,0.00154500758612921,0,0.0156491436903516,0.0096654471445551,0.0304958521605812,0,0,0.00651405582556149,0.0075493823361278,0,0.196764067125761,0,0.898302232264102,0.512548649174335
P_68,0.177732356619212,0.587834292194718,0.010273051760209,0,0.0300210125121957,0,0,0.0153479459662422,0,0.00206264093979343,0,0.0132877959001368,0.0273149072682081,0.0383086036598093,0,0,0.00980411517741121,0.00371375630996591,0,0.0842995216920982,0,0.946687273184492,0.424487150869294
P_69,0.532211442733461,0.109443945096046,0.0604787703402141,0.0193885294023742,0.0683494941492497,0,0,0.00760075433583035,0,0.00983821633853741,0,0.0763089997875152,0.0272435980621188,0.025640871020877,0,0,0.0169239945158572,0.00193961967864538,0,0.0446317645392733,0,0.941104569525443,0.473643025319226
P_70,0.681104140257105,0.0810753614589056,0.0321836290780664,0,0,0,0,0.0344999968053512,0,0.00317964547722455,0,0.0174277298812811,0.0430094767885347,0.0174301807932902,1.73979956911185e-05,0.000664073909075935,0.0197386819958025,0.0183080981326602,0.00539295765061171,0.0459686297764,0,0.951559903436996,0.419701073140428
P_71,0.184050392682257,0.392521077286263,0.0357727609157067,0,0.0488424525110301,0,0,0.00482604896655259,0.0133863571674265,0,0,0.0274159401533164,0.0193910316365648,0.0422161589316332,0,0.000472707790581084,0.016829717800305,0.0256031529183779,0,0.188672201239985,0,0.91276034238913,0.516385354506518
P_72,0.201944531999115,0.584870203480223,0.00844273089023313,0,0.0327867809440032,0,0,0.00924206243367096,0.00645500075381203,0.00180683191274699,0,0.0172700993573135,0.00595557262814443,0.0151279555785291,0,0,0.0131901607676382,0.00668990575510307,0,0.0962181634994674,0,0.783743346261283,0.629143397001586
P_73,0.449974367218077,0.260058179130071,0.0161029918298454,0.0120521794293023,0.0134096084437016,0.0129139427940201,0,0.0414750383196485,0,0.0106084152752711,0,0.0285129135043118,0.0297854168630238,0.0364560485980008,0,0,0.00805811105184211,0.0205367242233639,0,0.0600560633195198,0,0.953044704585487,0.441735956538058
P_74,0.684780259071207,0.0580874826051979,0.0180355803230855,0,0.0151427102446529,0,0,0.0141828158688995,0.00243854694829152,0.00473999052556221,0,0.0162105651921045,0.0153920640989107,0.0242400769757803,0,0,0.00615696786933769,0.0153929045614642,0.000831492488441207,0.124368543227065,0,0.93683835384717,0.440988626244177
P_75,0.271927995106147,0.286275296849749,0.0150396315945641,0.00417699066457165,0.0110712870743002,0,0,0.0432024650161255,0,0.0503708192004549,0,0.0397003285254571,0.0307066154432778,0.0640092032762,0,0,0.00959596338965731,0.0107111919070173,0.00380595850471192,0.159406253447766,0,0.941655290136651,0.491672635866455
