Mixture,Myo,Luminal,Naive B,CD8_Naive,CD4_Naive,CD8_CM,CD4_CM,CD4_EM,CD8_EM,Myeloid Dendritic,gdT,Treg,CD8_TEMRA,Macrophages,Basophils,Neutrophils,MAIT,Plasma B,CAF,P-value,Correlation,RMSE,Absolute score (sig.score)
P_01,8.56838564049566,3.78836828087021,0,0,0.759466181926189,0,0.298951199874399,1.07609254434141,0,0,0,0,0.41019664524531,0.474422654536493,0,0,0,1.67298123425793,5.31167212099909,0,0.318598461504815,0.949708068723764,22.3605365025467
P_03,4.47444346095015,9.07742635188497,0,0,0.324820495354882,0,0.414557017513589,0.814778234667656,0.434289361656178,0.134372599528225,0,0,0.0524427563405486,0.649151503161468,0.0612845336165989,0.00262784228501677,0,1.29919316973697,10.7239437429133,0,0.568493158771848,0.851366186057844,28.4633310696095
P_04,11.7480071308728,3.58436284727802,0.0129601776927155,0,0.443262684040219,0,0,0.823623619103757,0.0435497332875315,0.0519440058898248,0,0,0.00458527471562403,0.313562636820834,0.000226558638961297,0.0370766679851898,0,0.0705698795008818,1.62096487925,0,0.0704020614361201,1.02647516207661,18.7546960950764
P_05,1.21337328032677,6.99507765574323,1.53686870152871,0,0,0,2.0842893373819,0,0.506128873806854,0.0107201536956577,0,1.68753225126586,0.872789079174769,0.0538471412768784,0,0,0.199734068090304,1.81398593894646,0.345259630816942,0,0.070986431821601,1.07514465879004,17.3196061120543
P_06,15.0014594402566,2.49590071727524,0,0,1.37190610542442,0,0,0.136923970946756,0.222065611679182,0,0,0,0.606414830100564,0.868528914071466,0,0,0.552929749960194,0.594497531028395,2.85676871499575,0,0.232071047202206,0.975046858480727,24.7073955857385
P_07,5.91408062433282,3.25035495575811,0,0.557892247149005,0,0,0.669174855042885,0.605672583908657,0,0,0,0,1.28072565903569,2.41879019637116,0,0,0.0109209039875277,1.02254899358873,4.80814118795615,0,0.188192859284485,0.990235439969019,20.5383022071307
P_08,15.4582849258524,0.324216801696308,0,0,1.05855549819489,0,0.899581694447695,0,1.09309395466372,0.119849594505084,0,0,0,1.25104270284415,0,0,0.123153125738671,0.448217579467743,5.9999837490749,0,0.0915414255064054,1.01696653296381,26.7759796264856
P_11,21.6769703086062,4.43675125088451,0,0,1.01778430231744,0,0,0.309693456830821,0,0,0,0,0.443428246521047,0.471474325246354,0,0,0,4.80896779864407,0.869358154752581,0,0.422271581725441,0.919753418526105,34.0344278438031
P_12,14.2265272409691,9.80476342984991,0.119318492477213,0,1.72802586623282,0,0,0.553054119759057,0,0,0,0,0.523404456434119,0.287952662603643,0,0,0.242593916521352,1.06975179451449,2.03342296121559,0,0.0786792543848637,1.02575335352031,30.5888149405773
P_13,16.4419593281079,11.4836138659237,0.0105288091113243,0.202831016249503,0.34611310656873,0,0.069934601222148,1.04287646931623,0,0,0,0,0.103560831678277,0.558643037488804,0,0,0,0.00977505345466081,1.45713162281424,0,0.306177964711379,0.952026980938141,31.7269677419355
P_14,9.98017848383173,9.96540027304967,0,0,1.47899438936738,0,0,1.22738942945598,0.586063059811255,0,0,0,0.635120133796564,0.674183068475109,0,0,0,1.4792493482128,1.6785050058501,0,0.17268692829979,0.998455996999849,27.7050831918506
P_15,13.9110416944656,9.35925427015681,0,0,1.19452744565804,0,1.00589291743765,0.705208163271329,0.151691421809391,0,0,0,0.681413181518613,0.28334759718446,0,0,0,0.2653190104302,0.496114145266599,0,0.182099402180197,0.991200945759266,28.0538098471986
P_16,8.95459897186589,5.08823301298762,0.740069053282902,0,0,0,1.18973760168382,0.771329347345892,0.977788611785511,1.21099974877888,0,0.427907892296829,0.159376191408161,0.712562986622165,0,0,0.204109440447783,4.97234173701189,2.54076543843851,0,0.327393037321723,1.00824633722188,27.9498200339559
P_17,0.0996119135900121,14.5886960730259,0.0909030342941241,0.0107314143964664,0.569222436100364,0,0,0.662818382437648,0.0131651743530074,0,0,0,0.170788899454639,0.0696459349825419,0,0,0,1.45090495247944,1.30725372036972,0,0.300228055863762,0.96253260626461,19.0337419354839
P_18,0,7.45767396369457,0.0872789140287442,0.113807205948636,0.377502295061815,0,0.0058023873637409,0.449382045339225,0.439063463265006,0,0,0,0.164848805494571,0.181935924600347,0.0229346165452781,0.0036252399110344,0.156491782957323,0.990722010165643,0.680768357508613,0.04,0.0291211074258863,1.07978675909238,11.1318370118845
P_19,5.18577843868747,5.88259957147759,0.296913524962756,0.0806752852937718,1.14227581085368,0,0,1.75105179949419,0.109198909527654,0.230795141470244,0,0,0.353459749947632,0.781776576189733,0.00073501616124829,0,0.292530923077609,0,0.882986841990562,0,0.210793952439124,0.979529263670103,16.9907775891341
P_20,14.809889886143,4.20755512739209,0.0812090411114453,0,0,0,0.0518464602743476,0.984827387991008,0,0,0,0,0,0.566030624489777,0,0,0,0,1.28590802607884,0,0.195489590465347,0.988981019187824,21.9872665534805
P_21,5.13300489091047,6.20952657520466,0,0,0.231307616327426,0.00845479852461473,0,0.339390034446456,0,0.023333726784612,0,0,0,0.527031859361158,0.00939980967222483,0,0,1.4421813640675,1.82982603098271,0.03,0.0355325415278962,1.07517124244748,15.7534567062818
P_22,3.50013232013765,2.26313649024251,0.847271742404302,0,0,0,0.940012002705065,0,0,0,0,0.590524153542563,0.641011763478936,0.85656588923123,0,0.0281479322146122,0,2.15230692744841,2.0726768566932,0.11,0.0161210185965947,1.16354952417415,13.8917860780985
P_23,12.2734351891719,1.67833731262504,0.179097121394279,0.591537132824898,0.738272546351334,0,0.100811162655573,0.912581238919655,1.67214666646509,0.242058248906202,0,0,0,1.36725707293914,0.0461866509993127,0.0995780602330468,0,5.64608665028079,15.8744349801896,0,0.665132713853945,0.753271327198756,41.4218200339559
P_24,4.60350962183642,7.54235339917113,0.215734239827394,0,0.590658674103921,0,0.112863038159566,0.372552623557935,0.711183710135226,0,0,0,0,0.838812596908899,0,0,0,4.02424770239992,3.4578568896551,0,0.375251714048396,0.977343086073162,22.4697724957555
P_25,5.82018313387066,4.1777587518791,0,0,0.324134569552011,0,0,0.848496866167332,0,0,0,0,0.337114264150744,1.01606340459539,0,0,0,4.16149631475536,1.85104811098865,0,0.530415104159254,0.899872154277934,18.5362954159592
P_26,4.87394074508613,14.1275770450282,0.0247600082127643,0,0.616835904551129,0,0.289149051134953,0.100178320956023,0.801641933913809,0,0,0,0,0.534005901883794,0,0.0459221993938356,0.269268132401307,0.447451052908798,4.37324593542912,0,0.0959168817668049,1.01864011788887,26.5039762308998
P_27,9.4875987254978,15.6493891613012,0,0.186975961967056,0,0,1.98354910791198,1.17082476211758,0.920326074313231,0,0,0,0,0.829316249007174,0.0082599948516854,0,0,1.01699951067534,5.26537165778987,0,0.38707310351944,0.925616038889667,36.5186112054329
P_28,21.5882212132,3.59085961605799,0.0665305055625647,0,1.75123712638103,0,0.52690818950627,0,0.804240991990875,0.190776121420842,0,0,0.312162462273318,2.05600736906256,0.00812492948413582,0,0.182862833146559,0.0934675811443615,3.21171481289178,0,0.3275839681386,0.945213095323792,34.3831137521222
P_29,6.49342281390937,14.9572492420765,0,0,0,0,3.30508481040299,0,1.19364995741041,0,0,0,0.377389396595715,0.745603964572304,0.0965513681803281,0,0,11.0803837644832,4.5922572120805,0,0.830736003826074,0.569253083521441,42.8415925297114
P_30,7.67378787712928,14.7332441059201,0,0,0.638861438316635,0,0.507914554444353,0.0858398946294128,0.140946439353621,0,0,0,0,0.369555094877746,0,0,0.245588037445775,0.0542772853957788,1.27402941510193,0,0.140128006124921,1.00847020921461,25.7240441426146
P_31,16.6147669986337,2.53434668111018,0.646774815025259,0,1.74618791806632,0,0,1.49473605230297,0,0,0,0,0.441312160635222,1.81040104743837,0,0,0,0.0414240241849495,2.34850870667778,0,0.218491657690903,0.978139805737771,27.6784584040747
P_32,3.50068966074241,4.28703725956768,0,0.0222064818146444,0.35186796064622,0,0.0116503003020619,0.347418689518896,0,0.0110366518793081,0,0,0.498262907018361,0.45185308745755,0,0.0107037187487195,0.0140512326931947,5.49653962725069,1.93625457855721,0,0.797341713281966,0.713271292068745,16.9395721561969
P_33,12.5249589159702,7.3302211282676,0,0,0.721458535121882,0,0.466519280833781,0.19465620181465,0.400783767611563,0,0,0,0,1.02990015400365,0,0,0,0.292764992865551,5.41305620857059,0,0.40651123418765,0.919649255422187,28.3743191850594
P_34,10.7132879285416,0.31296881972847,0.00498545555166149,0,0.442980144533332,0,0,0,0.0234519637669147,0,0,0,0.00813021863505279,0.219692332944953,0.0098685350762859,0,0.00925525085967943,0.405295488807964,2.64374769856593,0,0.312834488688923,0.949938331824083,14.7936638370119
P_35,4.19682334658327,1.91526513137845,0,0,0.0741847198732012,0,0.153396187947621,0,0,0,0,0,0.225288537977443,0.283676127007126,0,0,0.0435034302353906,2.95742457787713,1.16486578492342,0,0.410013154180187,1.07839596207816,11.0144278438031
P_36,8.9652787020502,2.19538588121076,0,0.00217228115249179,0.296759273477073,0,0.111836010174023,0.783724797475889,0,0,0,0,0.29328746531051,0.820555720774458,0.155242238040055,0,0,3.09308630394216,10.649156895153,0,0.533988403123531,0.845992966123553,27.3664855687606
P_37,19.7040140146543,8.49777880791066,0.270778711975119,0,1.20936071662284,0,0,0.611823679602964,0.20502004313099,0,0,0,0,0.523494085428645,0,0,0.0397703540314648,0.67989715034116,0.133030178237328,0,0.370320134780532,0.92970110754435,31.8749677419355
P_38,8.61554740852228,13.0974404725532,0,0,0.390929024113367,0,0.4167549441918,1.42203137810591,0,0.150365514665685,0,0,0.751845303174691,0.571019221255483,0.000348087804893716,0,0,4.30671422512493,2.11605705206667,0,0.584623194566052,0.811878568582349,31.8390526315789
P_39,10.717024308874,16.0545939239784,0,0,0.338031981342365,0,1.9258432581142,0,0.249898895680455,0,0,0,0.0593871975161568,1.0647822417477,0,0,0,0.778386864918337,4.54436372171633,0,0.450746839611709,0.903450091195114,35.7323123938879
P_40,21.9423001928215,1.32494336405719,0.884057760938888,0,1.04009631352826,0,0,0.96301708747437,0.189315364856289,0,0,0,0.235378285659269,1.31421369736388,0,0,0,1.65233523820776,4.03302520782607,0,0.394889872256647,0.920081219669673,33.5786825127334
P_42,8.54758451304615,13.6194949163131,0.184776089283324,0.277703387792195,0,0,0.97349174293944,1.67692231203284,0.0550663749240542,0.126751181446696,0,0,0.109193883470305,0.885666476687721,0.0256316076326476,0.287738181491858,0.0672265950259583,2.4229558929191,7.26134862767714,0,0.6000404173563,0.834024203400412,36.5215517826825
P_44,0.611482537740501,13.2802202021321,0.260813547350622,0,0.458778461628208,0.00357326612348178,0.849965003419761,0,0.00353790081459732,0.152611260464774,0,0,0.00507692060962806,0.680026086205807,0,0.000309114509499027,0,1.09719695342746,7.14992657239874,0,0.416432621735881,0.911504713346575,24.5535178268251
P_47,13.2842063977313,0.0395969374222011,0.0215708049333268,0,0,0,0.83095985367587,0.318299023192527,0,0.0177830342924372,0,0,0.266966188951019,0,0,0,0.352014751862617,11.6647409954583,7.72385522130894,0,0.168192122144225,1.44777613453914,34.5199932088285
P_48,11.2866797642619,1.72254945364298,0,0.732262828938964,0,0,10.4390338268018,0,4.61921374164417,0,0,0.800367427825277,0,0,0,1.52784301637899,2.16883252303183,0.347266073441947,0.986375792249544,0.0600000000000001,0.0224028153259576,1.03650841066286,34.6304244482173
P_49,8.98069920295845,5.20178017690528,1.86734586312121,0,0.935700976223722,0,0.689646535423229,1.04119880227496,1.00790638315466,0,0,0.367942694350145,0.503492687101186,2.44416400453085,0.00628113643143107,0,0,7.18097977567659,7.31304851906392,0,0.71030468234251,0.704146999070127,37.5401867572156
P_51,8.46495093234881,13.8293841016369,0,0.00343859388514564,0.648614973985707,0,1.22399229321448,0,1.08451255071937,0,0,0,0,0,0,0,0.530462407756546,0.288623548315885,0.905670852806117,0.0600000000000001,0.0234821604473826,1.04167686578298,26.9796502546689
P_52,14.8838055740624,5.71156468264665,0,0,0.270237246697314,0.367525126962943,0,0.45657773046967,0,0.0577797769425381,0,0,0.528678669615761,0.465582914907489,0,0,0.0513043558163871,0.189998848213844,2.67865644887718,0,0.0931223251359064,1.01900880875413,25.6617113752122
P_53,18.446431873503,2.86657794660891,0.0611316665504596,0,1.00548696191288,0,0,0.603935969900813,0,0,0,0,0.528105850153612,0.870260890934424,0,0,0,1.87170609329571,3.42125239060373,0,0.120949943229671,1.0224213228418,29.6748896434635
P_54,2.67250611994226,24.1269025372349,0,0.185504017241419,0.792709096727038,0,0.312544633810414,0,0.409375702683246,0,0,0,0.254616216561647,0,0,0,0.423863088624373,0.00331887334239263,0.572011156956275,0.04,0.0327964711965003,1.05379685793242,29.7533514431239
P_55,10.675089300261,4.5065778000712,0.293983411116694,0,0.540231094486551,0,0.111629521455415,1.14541040107416,0,0.0120628262854692,0,0.18642445978469,1.463075032222,0.831356641458669,0,0,0,0.838981967246729,2.9336359486121,0,0.0979515270312903,1.01530778707364,23.5384584040747
P_57,9.34569726150688,4.95676465935473,1.20462358008935,0,0.211434320979208,0,0,1.02980236413558,0,0,0,0.698841297200902,0.427612678724562,1.30539737759007,0,0,0.0628321835130841,0.594716239699749,5.01109976895461,0.04,0.0334499033993851,1.03170363618057,24.8488217317487
P_60,9.34543029709281,17.7073700396229,0,0,0.23352407818213,0,1.59951122964806,0,0,0,0,0,1.15059457881165,0.417321076974495,0,0,0.00461077042893521,0.344231346149757,2.91825887510961,0.04,0.0349681410063128,1.03803533859474,33.7208522920204
P_62,5.51966119515743,19.0973043122985,0,0.0274405861843032,1.00760087937119,0,0.260816020833559,0,0.216365452832415,0,0,0,0.5380039855639,0,0,0,0.354010001221678,0.809627224486516,0.0450854524070747,0.03,0.0399853814059305,1.04835074362125,27.8759151103565
P_63,13.5610129649814,8.01713647917805,0,0,0.813611378679859,0,0,0.299973777959745,0,0,0,0,0.701869299009116,0.289533135670807,0,0,0,0.286193572897759,1.79816684493397,0.01,0.0512370662325976,1.03279728852517,25.7674974533107
P_64,14.9160705345801,13.3287633917641,0,0.267734579374863,0.445872539981176,0,0.821707643019076,0,0,0,0,0,0.416044856021912,0.208765301906036,0,0,0.00146389174293634,0.573358031209262,1.75481006231906,0,0.0536710082821439,1.03460330850441,32.7345908319185
P_65,4.98907974948726,5.39904489185109,0.588954839429838,0,0.848870537525953,0,0,1.71101384707863,0,0,0,0.345736616758132,1.54870302713151,1.87596525096195,0,0,0,2.16574973482481,2.38879661530736,0,0.127230788985866,1.03731916172414,21.8619151103565
P_66,16.2918216388576,8.240034902173,0.0566054519346979,0,0.170544917607066,0,0,0.102917620872798,0,0.0942855138268452,0,0.0904542170370456,0.473157231208819,0.564940903165369,0.00670432856476371,0,0,0.0490777671769867,0.958640566997772,0.01,0.0464865124149021,1.03839082455162,27.0991850594227
P_67,9.70997415175893,10.1305378521896,0,0,0.354324399092583,0,0.614670908944045,0.41870361802325,0,0,0,0,0.148657871967571,0.32727057823574,0,0,0,0.0217282161617554,11.0494906379219,0,0.0536395527704344,1.0339328968581,32.7753582342954
P_69,17.1496162864614,2.79658038729692,1.29742614311722,0,0,0,0.696468094428957,0.850787462641433,0,0,0,1.15209757675103,0.725860950452468,0.509981137245775,0,0,0,0.820374328907097,1.13256315052454,0,0.0644776429833453,1.02800062126018,27.1317555178268
P_70,19.9259775235075,2.33446272761343,0,0,0.333281169879885,0,0,0.370892831437902,0,0,0,0,0.450048830505382,0.520931415092961,0,0,0.169031523473794,1.2503426511688,1.49923506246462,0,0.069635767068847,1.03791382506115,26.8542037351443
P_71,4.15073094769622,9.4325188017663,0.590217398657045,0,0.0305447464820554,0,0.767084336251125,0,0.643851824276696,0.275253764989251,0,0,0.471748656987756,1.03093997956239,0,0.163184715366849,0.597788147742658,0.489796498259937,7.98276802576478,0,0.0978861973319711,1.01536973304946,26.6264278438031
P_72,8.8772824720394,9.09425769558633,0,0.382751347877554,0.326184079701466,0,0,0.449953743858147,0,0,0,0.225711400249041,0.26221539162694,0.22711003547116,0,0,0.0889461165867693,0.000373771141397399,2.20385571156637,0.05,0.0266439679389253,1.03943214575098,22.1386417657046
P_73,10.3079603292568,8.99428584880243,0,0,0.365601558420138,0,0.58526312214397,0.975025688280229,0,0,0,0,1.18868107051762,0.510797240962086,0,0,0,1.20495363232156,1.85025663662967,0,0.0908080208661437,1.02377809751775,25.9828251273345
